year,teamId,team,classification,conference,division,expectedWins,total.games,total.wins,total.losses,total.ties,conferenceGames.games,conferenceGames.wins,conferenceGames.losses,conferenceGames.ties,homeGames.games,homeGames.wins,homeGames.losses,homeGames.ties,awayGames.games,awayGames.wins,awayGames.losses,awayGames.ties,neutralSiteGames.games,neutralSiteGames.wins,neutralSiteGames.losses,neutralSiteGames.ties,regularSeason.games,regularSeason.wins,regularSeason.losses,regularSeason.ties,postseason.games,postseason.wins,postseason.losses,postseason.ties
2025,2657,Tuskegee,ii,SIAC,,0.021100521087646484,11,4,7,0,8,3,5,0,4,2,2,0,5,1,4,0,2,1,1,0,11,4,7,0,0,0,0,0
2025,375,St. Scholastica,iii,Minnesota,,,10,3,7,0,9,2,7,0,5,2,3,0,5,1,4,0,0,0,0,0,10,3,7,0,0,0,0,0
2025,2256,Greensboro College,iii,USA South,,0.00584256649017334,10,3,7,0,7,2,5,0,5,1,4,0,5,2,3,0,0,0,0,0,10,3,7,0,0,0,0,0
2025,2951,SUNY Maritime,iii,NEWMAC,,,11,5,6,0,7,3,4,0,5,2,3,0,6,3,3,0,0,0,0,0,11,5,6,0,0,0,0,0
2025,2460,Northern Iowa,fcs,MVFC,,4.391251356340945,12,3,9,0,8,1,7,0,6,3,3,0,6,0,6,0,0,0,0,0,12,3,9,0,0,0,0,0
2025,252,BYU,fbs,Big 12,,9.628044468350708,14,12,2,0,9,8,1,0,6,6,0,0,6,5,1,0,2,1,1,0,13,11,2,0,1,1,0,0
2025,2843,Western Connecticut St,iii,Landmark Conference,,0.010750949382781982,10,5,5,0,0,0,0,0,5,3,2,0,5,2,3,0,0,0,0,0,10,5,5,0,0,0,0,0
2025,275,Wisconsin,fbs,Big Ten,,4.093146201223135,12,4,8,0,9,2,7,0,7,4,3,0,5,0,5,0,0,0,0,0,12,4,8,0,0,0,0,0
2025,2433,UL Monroe,fbs,Sun Belt,West,4.232328414916992,12,3,9,0,8,1,7,0,5,2,3,0,7,1,6,0,0,0,0,0,12,3,9,0,0,0,0,0
2025,2817,Minnesota State Moorhead,ii,Northern Sun,,,11,8,3,0,9,6,3,0,5,4,1,0,6,4,2,0,0,0,0,0,11,8,3,0,0,0,0,0
2025,2198,Eastern Kentucky,fcs,UAC,,4.6913561606779695,12,5,7,0,8,3,5,0,6,3,3,0,6,2,4,0,0,0,0,0,12,5,7,0,0,0,0,0
2025,2222,Ferris State,ii,GLIAC,,,16,16,0,0,7,7,0,0,10,10,0,0,5,5,0,0,1,1,0,0,14,14,0,0,2,2,0,0
2025,2210,Elon,fcs,CAA,,6.638570599257946,12,6,6,0,8,4,4,0,5,3,2,0,7,3,4,0,0,0,0,0,12,6,6,0,0,0,0,0
2025,398,Wilkes,iii,Landmark Conference,,,11,7,4,0,5,3,2,0,5,4,1,0,5,2,3,0,1,1,0,0,11,7,4,0,0,0,0,0
2025,2802,Bethel (MN),iii,Minnesota,,,13,12,1,0,9,9,0,0,7,7,0,0,6,5,1,0,0,0,0,0,13,12,1,0,0,0,0,0
2025,2614,Saint Vincent,iii,Presidents',,,10,2,8,0,7,1,6,0,5,1,4,0,5,1,4,0,0,0,0,0,10,2,8,0,0,0,0,0
2025,352,Kenyon,iii,North Coast,,,10,1,9,0,7,1,6,0,5,0,5,0,5,1,4,0,0,0,0,0,10,1,9,0,0,0,0,0
2025,48,Delaware,fbs,Conference USA,,5.8037663251161575,13,7,6,0,8,4,4,0,6,5,1,0,5,1,4,0,2,1,1,0,12,6,6,0,1,1,0,0
2025,2362,Manchester,iii,Heartland,,,10,0,10,0,6,0,6,0,5,0,5,0,5,0,5,0,0,0,0,0,10,0,10,0,0,0,0,0
2025,63,Buena Vista,iii,American Rivers,,,10,3,7,0,8,2,6,0,5,3,2,0,5,0,5,0,0,0,0,0,10,3,7,0,0,0,0,0
2025,2551,Shaw,ii,CIAA,Southern,,10,2,8,0,7,2,5,0,5,1,4,0,5,1,4,0,0,0,0,0,10,2,8,0,0,0,0,0
2025,2674,Valparaiso,fcs,Pioneer,,2.628659024834633,12,2,10,0,8,1,7,0,6,2,4,0,6,0,6,0,0,0,0,0,12,2,10,0,0,0,0,0
2025,324,Coastal Carolina,fbs,Sun Belt,East,5.177088148891926,13,6,7,0,8,5,3,0,6,4,2,0,6,2,4,0,1,0,1,0,12,6,6,0,1,0,1,0
2025,2919,Monmouth (IL),iii,Midwest,,,11,9,2,0,9,9,0,0,5,5,0,0,6,4,2,0,0,0,0,0,10,9,1,0,1,0,1,0
2025,265,Washington State,fbs,Pac-12,,7.911752678453922,13,7,6,0,2,1,1,0,6,5,1,0,6,1,5,0,1,1,0,0,12,6,6,0,1,1,0,0
2025,154,Wake Forest,fbs,ACC,,8.557896085083485,13,9,4,0,8,4,4,0,7,5,2,0,5,3,2,0,1,1,0,0,12,8,4,0,1,1,0,0
2025,2141,Coe College,iii,American Rivers,,,12,9,3,0,8,7,1,0,4,4,0,0,8,5,3,0,0,0,0,0,11,8,3,0,1,1,0,0
2025,2424,New Mexico Highlands,ii,Rocky Mountain,,,11,6,5,0,9,4,5,0,5,4,1,0,6,2,4,0,0,0,0,0,11,6,5,0,0,0,0,0
2025,2738,Wisconsin-Eau Claire,iii,Wisconsin,,,10,3,7,0,7,0,7,0,5,2,3,0,5,1,4,0,0,0,0,0,10,3,7,0,0,0,0,0
2025,75,North Park,iii,CCIW,,,10,3,7,0,9,2,7,0,5,2,3,0,5,1,4,0,0,0,0,0,10,3,7,0,0,0,0,0
2025,2323,Lane College,ii,SIAC,,0.03832894563674927,10,0,10,0,8,0,8,0,5,0,5,0,5,0,5,0,0,0,0,0,10,0,10,0,0,0,0,0
2025,2415,Morgan State,fcs,MEAC,,5.396073371171951,12,4,8,0,5,1,4,0,5,2,3,0,6,1,5,0,1,1,0,0,12,4,8,0,0,0,0,0
2025,2400,Mississippi Valley State,fcs,SWAC,East,1.4539605379104614,12,2,10,0,9,1,8,0,6,2,4,0,6,0,6,0,0,0,0,0,12,2,10,0,0,0,0,0
2025,284,Stonehill,fcs,NEC,,5.194740459322929,12,4,8,0,7,3,4,0,5,2,3,0,7,2,5,0,0,0,0,0,12,4,8,0,0,0,0,0
2025,2382,Mercer,fcs,Southern,,8.379423204809427,12,9,3,0,8,8,0,0,6,4,2,0,6,5,1,0,0,0,0,0,12,9,3,0,0,0,0,0
2025,210,Millersville,ii,Pennsylvania State Athletic,Eastern,,11,0,11,0,9,0,9,0,7,0,7,0,4,0,4,0,0,0,0,0,11,0,11,0,0,0,0,0
2025,2262,Hanover College,iii,Heartland,,0.0,12,9,3,0,6,6,0,0,6,5,1,0,6,4,2,0,0,0,0,0,11,8,3,0,1,1,0,0
2025,61,Georgia,fbs,SEC,,10.335515518672764,14,12,2,0,8,7,1,0,7,6,1,0,3,3,0,0,4,3,1,0,13,12,1,0,1,0,1,0
2025,272,Wisconsin-Platteville,iii,Wisconsin,,,12,9,3,0,7,5,2,0,6,6,0,0,6,3,3,0,0,0,0,0,11,8,3,0,1,1,0,0
2025,2261,Hampton,fcs,CAA,,2.386685585603118,12,2,10,0,8,0,8,0,6,2,4,0,5,0,5,0,1,0,1,0,12,2,10,0,0,0,0,0
2025,2233,Franklin,iii,Heartland,,,10,5,5,0,6,3,3,0,5,3,2,0,5,2,3,0,0,0,0,0,10,5,5,0,0,0,0,0
2025,30,USC,fbs,Big Ten,,8.456254959106445,13,9,4,0,9,7,2,0,7,7,0,0,5,2,3,0,1,0,1,0,12,9,3,0,1,0,1,0
2025,2364,Minnesota State Mankato,ii,Northern Sun,,,14,10,4,0,9,6,3,0,6,5,1,0,7,4,3,0,1,1,0,0,13,9,4,0,1,1,0,0
2025,166,New Mexico State,fbs,Conference USA,,4.784720063209534,12,4,8,0,8,2,6,0,6,3,3,0,6,1,5,0,0,0,0,0,12,4,8,0,0,0,0,0
2025,2318,La Verne,iii,So. Cal.,,,9,1,8,0,8,1,7,0,5,0,5,0,4,1,3,0,0,0,0,0,9,1,8,0,0,0,0,0
2025,221,Pittsburgh,fbs,ACC,,8.184614904224873,13,8,5,0,8,6,2,0,7,4,3,0,5,4,1,0,1,0,1,0,12,8,4,0,1,0,1,0
2025,98,Western Kentucky,fbs,Conference USA,,7.989693649113178,13,9,4,0,8,6,2,0,6,5,1,0,6,3,3,0,1,1,0,0,12,8,4,0,1,1,0,0
2025,233,South Dakota,fcs,MVFC,,8.321310117840767,15,10,5,0,8,6,2,0,7,6,1,0,8,4,4,0,0,0,0,0,15,10,5,0,0,0,0,0
2025,2532,Salisbury,iii,New Jersey,,,12,10,2,0,6,5,1,0,5,5,0,0,7,5,2,0,0,0,0,0,11,9,2,0,1,1,0,0
2025,301,San Diego,fcs,Pioneer,,6.963766623288393,12,8,4,0,8,6,2,0,6,4,2,0,6,4,2,0,0,0,0,0,12,8,4,0,0,0,0,0
2025,57,Florida,fbs,SEC,,4.489637300372124,12,4,8,0,8,2,6,0,6,4,2,0,5,0,5,0,1,0,1,0,12,4,8,0,0,0,0,0
2025,2754,Youngstown State,fcs,MVFC,,6.636184528470039,13,8,5,0,8,5,3,0,7,5,2,0,6,3,3,0,0,0,0,0,13,8,5,0,0,0,0,0
2025,2168,Dayton,fcs,Pioneer,,7.145630989223719,11,7,4,0,8,5,3,0,5,3,2,0,6,4,2,0,0,0,0,0,11,7,4,0,0,0,0,0
2025,2060,Bentley,ii,Northeast 10,,0.005258023738861084,11,7,4,0,8,7,1,0,6,4,2,0,5,3,2,0,0,0,0,0,10,7,3,0,1,0,1,0
2025,2127,Charleston Southern,fcs,Big South-OVC,,3.798720672726631,12,5,7,0,8,4,4,0,5,3,2,0,7,2,5,0,0,0,0,0,12,5,7,0,0,0,0,0
2025,266,Beloit,iii,Midwest,,,10,1,9,0,9,1,8,0,5,0,5,0,5,1,4,0,0,0,0,0,10,1,9,0,0,0,0,0
2025,2220,Fayetteville State,ii,CIAA,Southern,0.0,10,6,4,0,7,6,1,0,4,3,1,0,6,3,3,0,0,0,0,0,10,6,4,0,0,0,0,0
2025,247,Kings College (PA),iii,Mid Atlantic,,,10,5,5,0,9,5,4,0,4,3,1,0,6,2,4,0,0,0,0,0,10,5,5,0,0,0,0,0
2025,184,University of Rochester (NY),iii,Liberty League,,,10,5,5,0,6,1,5,0,6,3,3,0,4,2,2,0,0,0,0,0,10,5,5,0,0,0,0,0
2025,424,Capital,iii,Ohio,,,10,3,7,0,8,1,7,0,5,1,4,0,5,2,3,0,0,0,0,0,10,3,7,0,0,0,0,0
2025,36,Colorado State,fbs,Mountain West,,3.102715323679149,12,2,10,0,8,1,7,0,7,2,5,0,5,0,5,0,0,0,0,0,12,2,10,0,0,0,0,0
2025,2441,New Haven,fcs,NEC,,4.1589367389678955,10,5,5,0,0,0,0,0,4,4,0,0,6,1,5,0,0,0,0,0,10,5,5,0,0,0,0,0
2025,2393,Middle Tennessee,fbs,Conference USA,,3.497818637639284,12,3,9,0,8,2,6,0,6,1,5,0,6,2,4,0,0,0,0,0,12,3,9,0,0,0,0,0
2025,236,Chattanooga,fcs,Southern,,4.651561367325485,12,5,7,0,8,4,4,0,5,3,2,0,7,2,5,0,0,0,0,0,12,5,7,0,0,0,0,0
2025,2686,Washington & Jefferson,iii,Presidents',,,11,8,3,0,7,7,0,0,5,4,1,0,6,4,2,0,0,0,0,0,10,8,2,0,1,0,1,0
2025,437,Lake Erie,ii,Great Midwest Athletic,,,11,2,9,0,9,2,7,0,6,1,5,0,5,1,4,0,0,0,0,0,11,2,9,0,0,0,0,0
2025,2466,Northwestern State,fcs,Southland,,1.5574220176786184,12,1,11,0,8,0,8,0,5,1,4,0,7,0,7,0,0,0,0,0,12,1,11,0,0,0,0,0
2025,193,Miami (OH),fbs,Mid-American,,7.376477263867855,14,7,7,0,8,6,2,0,6,4,2,0,6,3,3,0,2,0,2,0,13,7,6,0,1,0,1,0
2025,2106,Carthage,iii,CCIW,,,10,4,6,0,9,3,6,0,5,2,3,0,5,2,3,0,0,0,0,0,10,4,6,0,0,0,0,0
2025,2385,Mercyhurst,fcs,NEC,,2.942478809505701,12,5,7,0,7,4,3,0,5,3,2,0,7,2,5,0,0,0,0,0,12,5,7,0,0,0,0,0
2025,111674,Reading,iii,Mid Atlantic,,,10,0,10,0,9,0,9,0,5,0,5,0,5,0,5,0,0,0,0,0,10,0,10,0,0,0,0,0
2025,126,Kalamazoo,iii,Michigan,,,10,4,6,0,7,1,6,0,5,3,2,0,5,1,4,0,0,0,0,0,10,4,6,0,0,0,0,0
2025,32,Carroll University (WI),iii,CCIW,,,10,4,6,0,9,4,5,0,4,2,2,0,6,2,4,0,0,0,0,0,10,4,6,0,0,0,0,0
2025,2822,North Greenville,ii,Carolinas,,,12,7,5,0,8,4,4,0,6,4,2,0,6,3,3,0,0,0,0,0,11,7,4,0,1,0,1,0
2025,2047,Averett,iii,Old Dominion,,,10,1,9,0,6,1,5,0,5,0,5,0,5,1,4,0,0,0,0,0,10,1,9,0,0,0,0,0
2025,2333,Lewis & Clark College,iii,Northwest,,,10,6,4,0,9,5,4,0,4,2,2,0,6,4,2,0,0,0,0,0,10,6,4,0,0,0,0,0
2025,62,Hawai'i,fbs,Mountain West,,7.125338144600391,13,9,4,0,8,5,3,0,8,7,1,0,5,2,3,0,0,0,0,0,12,8,4,0,1,1,0,0
2025,365,Alfred University,iii,Empire 8,,,10,4,6,0,6,2,4,0,5,3,2,0,5,1,4,0,0,0,0,0,10,4,6,0,0,0,0,0
2025,2316,Kentucky Wesleyan,ii,Great Midwest Athletic,,,11,0,11,0,9,0,9,0,6,0,6,0,5,0,5,0,0,0,0,0,11,0,11,0,0,0,0,0
2025,391,Oberlin,iii,North Coast,,,10,0,10,0,8,0,8,0,5,0,5,0,5,0,5,0,0,0,0,0,10,0,10,0,0,0,0,0
2025,311,Maine,fcs,CAA,,6.740728403441608,12,6,6,0,8,5,3,0,5,3,2,0,7,3,4,0,0,0,0,0,12,6,6,0,0,0,0,0
2025,200,Southern Nazarene,ii,Great American,,,11,2,9,0,11,2,9,0,6,1,5,0,5,1,4,0,0,0,0,0,11,2,9,0,0,0,0,0
2025,197,Oklahoma State,fbs,Big 12,,1.4180518109351397,12,1,11,0,9,0,9,0,7,1,6,0,5,0,5,0,0,0,0,0,12,1,11,0,0,0,0,0
2025,2587,Southwest Minnesota State,ii,Northern Sun,,,11,1,10,0,10,0,10,0,5,0,5,0,5,0,5,0,1,1,0,0,11,1,10,0,0,0,0,0
2025,6,South Alabama,fbs,Sun Belt,West,5.001608930528164,12,4,8,0,8,3,5,0,6,2,4,0,6,2,4,0,0,0,0,0,12,4,8,0,0,0,0,0
2025,2582,Southern,fcs,SWAC,West,2.8508259025402367,12,2,10,0,10,2,8,0,5,0,5,0,5,1,4,0,2,1,1,0,12,2,10,0,0,0,0,0
2025,215,Slippery Rock,ii,Pennsylvania State Athletic,Western,,10,6,4,0,9,5,4,0,5,4,1,0,5,2,3,0,0,0,0,0,10,6,4,0,0,0,0,0
2025,83,Depauw,iii,North Coast,,,12,10,2,0,7,7,0,0,5,3,2,0,7,7,0,0,0,0,0,0,11,9,2,0,1,1,0,0
2025,59,Georgia Tech,fbs,ACC,,7.706414759159088,13,9,4,0,8,6,2,0,6,5,1,0,5,4,1,0,2,0,2,0,12,9,3,0,1,0,1,0
2025,2383,Merchant Marine Academy,iii,NEWMAC,,,10,8,2,0,7,5,2,0,4,3,1,0,5,4,1,0,1,1,0,0,10,8,2,0,0,0,0,0
2025,150,Duke,fbs,ACC,,7.797623118385673,14,9,5,0,8,6,2,0,6,3,3,0,6,4,2,0,2,2,0,0,13,8,5,0,1,1,0,0
2025,348,Hamilton,iii,NESCAC,,,9,2,7,0,9,2,7,0,5,1,4,0,4,1,3,0,0,0,0,0,9,2,7,0,0,0,0,0
2025,135,Minnesota,fbs,Big Ten,,5.449774652719498,13,8,5,0,9,5,4,0,7,7,0,0,4,0,4,0,2,1,1,0,12,7,5,0,1,1,0,0
2025,218,Temple,fbs,American Athletic,,5.062912607565522,12,5,7,0,8,3,5,0,6,2,4,0,6,3,3,0,0,0,0,0,12,5,7,0,0,0,0,0
2025,2071,Bloomsburg,ii,Pennsylvania State Athletic,Eastern,,11,3,8,0,10,3,7,0,5,2,3,0,6,1,5,0,0,0,0,0,11,3,8,0,0,0,0,0
2025,132,Bemidji State,ii,Northern Sun,,,11,4,7,0,9,3,6,0,5,3,2,0,6,1,5,0,0,0,0,0,11,4,7,0,0,0,0,0
2025,2506,Presbyterian,fcs,Pioneer,,8.795345090329647,12,10,2,0,8,6,2,0,6,6,0,0,6,4,2,0,0,0,0,0,12,10,2,0,0,0,0,0
2025,2894,Sioux Falls,ii,Northern Sun,,,11,7,4,0,10,6,4,0,5,2,3,0,6,5,1,0,0,0,0,0,11,7,4,0,0,0,0,0
2025,2280,Husson,iii,Commonwealth Coast,,,10,4,6,0,5,1,4,0,5,2,3,0,5,2,3,0,0,0,0,0,10,4,6,0,0,0,0,0
2025,304,Idaho State,fcs,Big Sky,,4.865998610854149,12,6,6,0,8,5,3,0,5,3,2,0,7,3,4,0,0,0,0,0,12,6,6,0,0,0,0,0
2025,249,North Texas,fbs,American Athletic,,9.994676266796887,14,12,2,0,8,7,1,0,7,6,1,0,6,5,1,0,1,1,0,0,13,11,2,0,1,1,0,0
2025,219,Pennsylvania,fcs,Ivy,,5.71749784052372,10,6,4,0,7,4,3,0,5,4,1,0,5,2,3,0,0,0,0,0,10,6,4,0,0,0,0,0
2025,411,Chapman,iii,So. Cal.,,,12,9,3,0,8,8,0,0,6,5,1,0,6,4,2,0,0,0,0,0,11,8,3,0,1,1,0,0
2025,2151,Concordia University Chicago,iii,NACC,,,10,4,6,0,8,2,6,0,5,2,3,0,5,2,3,0,0,0,0,0,10,4,6,0,0,0,0,0
2025,191,Heidelberg,iii,Ohio,,,10,6,4,0,8,5,3,0,6,4,2,0,4,2,2,0,0,0,0,0,10,6,4,0,0,0,0,0
2025,2097,Campbell,fcs,CAA,,5.189122689887881,12,2,10,0,8,2,6,0,6,1,5,0,6,1,5,0,0,0,0,0,12,2,10,0,0,0,0,0
2025,297,Hampden-Sydney,iii,Old Dominion,,,10,7,3,0,6,3,3,0,5,3,2,0,5,4,1,0,0,0,0,0,10,7,3,0,0,0,0,0
2025,2403,Missouri Southern State,ii,Mid America,,,11,3,8,0,9,1,8,0,6,2,4,0,5,1,4,0,0,0,0,0,11,3,8,0,0,0,0,0
2025,23,San José State,fbs,Mountain West,,4.715794093906879,12,3,9,0,8,2,6,0,6,3,3,0,6,0,6,0,0,0,0,0,12,3,9,0,0,0,0,0
2025,2640,Texas Southern,fcs,SWAC,West,4.729634299874306,11,6,5,0,8,5,3,0,6,3,3,0,5,3,2,0,0,0,0,0,11,6,5,0,0,0,0,0
2025,2392,Michigan Tech,ii,GLIAC,,,11,7,4,0,7,4,3,0,5,2,3,0,6,5,1,0,0,0,0,0,11,7,4,0,0,0,0,0
2025,333,Alabama,fbs,SEC,,9.050588324666023,15,11,4,0,8,7,1,0,7,6,1,0,6,5,1,0,2,0,2,0,13,10,3,0,2,1,1,0
2025,12,Arizona,fbs,Big 12,,8.425395142287016,13,9,4,0,9,6,3,0,7,6,1,0,5,3,2,0,1,0,1,0,12,9,3,0,1,0,1,0
2025,55,Jacksonville State,fbs,Conference USA,,9.036093272268772,14,9,5,0,8,7,1,0,6,5,1,0,6,2,4,0,2,2,0,0,13,8,5,0,1,1,0,0
2025,2304,Johnson C Smith,ii,CIAA,Southern,,12,10,2,0,9,8,1,0,5,4,1,0,5,4,1,0,2,2,0,0,11,10,1,0,1,0,1,0
2025,2001,Adams State,ii,Rocky Mountain,,,11,0,11,0,9,0,9,0,5,0,5,0,6,0,6,0,0,0,0,0,11,0,11,0,0,0,0,0
2025,2633,Tennessee,fbs,SEC,,9.208808988332748,13,8,5,0,8,4,4,0,7,4,3,0,4,3,1,0,2,1,1,0,12,8,4,0,1,0,1,0
2025,2005,Air Force,fbs,Mountain West,,4.857673265971243,12,4,8,0,8,3,5,0,6,2,4,0,6,2,4,0,0,0,0,0,12,4,8,0,0,0,0,0
2025,2166,Davidson,fcs,Pioneer,,2.4534168113023043,12,2,10,0,8,1,7,0,6,2,4,0,6,0,6,0,0,0,0,0,12,2,10,0,0,0,0,0
2025,322,Lafayette,fcs,Patriot,,6.925543267279863,12,8,4,0,6,5,1,0,6,4,2,0,6,4,2,0,0,0,0,0,12,8,4,0,0,0,0,0
2025,8,Arkansas,fbs,SEC,,5.171228103339672,12,2,10,0,8,0,8,0,6,1,5,0,5,0,5,0,1,1,0,0,12,2,10,0,0,0,0,0
2025,122774,Keystone,iii,Independent DIII,,,2,1,1,0,0,0,0,0,1,0,1,0,1,1,0,0,0,0,0,0,2,1,1,0,0,0,0,0
2025,2804,Chowan,ii,Carolinas,,,11,4,7,0,7,3,4,0,6,1,5,0,5,3,2,0,0,0,0,0,11,4,7,0,0,0,0,0
2025,143,Washington University (St. Louis),iii,CCIW,,,11,8,3,0,9,7,2,0,5,4,1,0,5,4,1,0,1,0,1,0,11,8,3,0,0,0,0,0
2025,2823,Northwestern Oklahoma State,ii,Great American,,,11,2,9,0,11,2,9,0,6,2,4,0,5,0,5,0,0,0,0,0,11,2,9,0,0,0,0,0
2025,3111,Apprentice School,iii,Independent DIII,,,3,0,3,0,0,0,0,0,1,0,1,0,2,0,2,0,0,0,0,0,3,0,3,0,0,0,0,0
2025,2224,Findlay,ii,Great Midwest Athletic,,,12,10,2,0,9,8,1,0,8,6,2,0,4,4,0,0,0,0,0,0,11,10,1,0,1,0,1,0
2025,2042,Augustana (IL),iii,CCIW,,,10,7,3,0,9,6,3,0,5,3,2,0,5,4,1,0,0,0,0,0,10,7,3,0,0,0,0,0
2025,2571,South Dakota State,fcs,MVFC,,7.047892902046442,14,9,5,0,8,4,4,0,8,5,3,0,6,4,2,0,0,0,0,0,14,9,5,0,0,0,0,0
2025,471,Stevenson,iii,Mid Atlantic,,,10,6,4,0,9,5,4,0,5,2,3,0,5,4,1,0,0,0,0,0,10,6,4,0,0,0,0,0
2025,2426,Navy,fbs,American Athletic,,9.39805030496791,13,11,2,0,9,8,1,0,6,6,0,0,5,3,2,0,2,2,0,0,12,10,2,0,1,1,0,0
2025,138,Northwest Missouri St,ii,Mid America,,,12,9,3,0,9,8,1,0,5,5,0,0,6,4,2,0,1,0,1,0,11,9,2,0,1,0,1,0
2025,2830,St. Anselm,ii,Northeast 10,,,10,5,5,0,9,5,4,0,4,3,1,0,6,2,4,0,0,0,0,0,10,5,5,0,0,0,0,0
2025,56,Stetson,fcs,Pioneer,,3.7007872662506998,12,3,9,0,8,2,6,0,7,3,4,0,5,0,5,0,0,0,0,0,12,3,9,0,0,0,0,0
2025,349,Army,fbs,American Athletic,,7.458610272035003,13,7,6,0,9,4,5,0,5,2,3,0,6,4,2,0,2,1,1,0,12,6,6,0,1,1,0,0
2025,3071,North Central College,iii,CCIW,,,15,14,1,0,9,9,0,0,10,10,0,0,4,4,0,0,1,0,1,0,13,13,0,0,2,1,1,0
2025,2781,Brockport,iii,Empire 8,,,11,7,4,0,6,3,3,0,6,5,1,0,5,2,3,0,0,0,0,0,11,7,4,0,0,0,0,0
2025,2810,Hardin-Simmons,iii,American Southwest,,,11,9,2,0,6,5,1,0,6,6,0,0,5,3,2,0,0,0,0,0,10,9,1,0,1,0,1,0
2025,2528,Rensselaer,iii,Liberty League,,,11,8,3,0,6,4,2,0,4,3,1,0,7,5,2,0,0,0,0,0,11,8,3,0,0,0,0,0
2025,2649,Toledo,fbs,Mid-American,,9.171019906178117,13,8,5,0,8,6,2,0,6,6,0,0,6,2,4,0,1,0,1,0,12,8,4,0,1,0,1,0
2025,2655,Tulane,fbs,American Athletic,,9.990061370655894,14,11,3,0,8,7,1,0,7,7,0,0,7,4,3,0,0,0,0,0,13,11,2,0,1,0,1,0
2025,2442,College Of New Jersey,iii,New Jersey,,,10,6,4,0,6,2,4,0,5,3,2,0,5,3,2,0,0,0,0,0,10,6,4,0,0,0,0,0
2025,2065,Bethune-Cookman,fcs,SWAC,East,4.46150016784668,12,6,6,0,8,5,3,0,5,5,0,0,6,0,6,0,1,1,0,0,12,6,6,0,0,0,0,0
2025,290,Georgia Southern,fbs,Sun Belt,East,6.167599654756486,13,7,6,0,8,4,4,0,6,4,2,0,6,2,4,0,1,1,0,0,12,6,6,0,1,1,0,0
2025,2302,John Carroll University,iii,Ohio,,,14,12,2,0,0,0,0,0,6,6,0,0,8,6,2,0,0,0,0,0,12,11,1,0,2,1,1,0
2025,2658,Texas A&M-Kingsville,ii,Lone Star,,,11,5,6,0,9,4,5,0,5,3,2,0,6,2,4,0,0,0,0,0,11,5,6,0,0,0,0,0
2025,309,Louisiana,fbs,Sun Belt,West,5.030572913587093,13,6,7,0,8,5,3,0,6,4,2,0,6,2,4,0,1,0,1,0,12,6,6,0,1,0,1,0
2025,2808,Delaware Valley,iii,Mid Atlantic,,,11,8,3,0,9,7,2,0,6,4,2,0,5,4,1,0,0,0,0,0,11,8,3,0,0,0,0,0
2025,2359,Macalester,iii,Minnesota,,,10,3,7,0,9,2,7,0,4,2,2,0,6,1,5,0,0,0,0,0,10,3,7,0,0,0,0,0
2025,122666,Wilson,ii,Carolinas,,,11,3,8,0,1,0,1,0,6,2,4,0,5,1,4,0,0,0,0,0,11,3,8,0,0,0,0,0
2025,2827,Rowan,iii,New Jersey,,,11,8,2,1,6,4,2,0,6,3,2,1,5,5,0,0,0,0,0,0,11,8,2,1,0,0,0,0
2025,2122,Central Oklahoma,ii,Mid America,,,11,6,5,0,9,6,3,0,6,4,2,0,5,2,3,0,0,0,0,0,11,6,5,0,0,0,0,0
2025,7,Amherst,iii,NESCAC,,,9,5,4,0,9,5,4,0,4,3,1,0,5,2,3,0,0,0,0,0,9,5,4,0,0,0,0,0
2025,16,Sacramento State,fcs,Big Sky,,7.437135968357325,12,7,5,0,8,5,3,0,6,4,2,0,6,3,3,0,0,0,0,0,12,7,5,0,0,0,0,0
2025,2667,Ursinus,iii,Centennial,,,11,7,4,0,6,2,4,0,6,5,1,0,5,2,3,0,0,0,0,0,11,7,4,0,0,0,0,0
2025,2038,Assumption,ii,Northeast 10,,,12,9,3,0,8,7,1,0,4,4,0,0,8,5,3,0,0,0,0,0,11,8,3,0,1,1,0,0
2025,183,Syracuse,fbs,ACC,,2.773939495906234,12,3,9,0,8,1,7,0,6,2,4,0,5,1,4,0,1,0,1,0,12,3,9,0,0,0,0,0
2025,2291,Indiana-Pennsylvania,ii,Pennsylvania State Athletic,Western,,11,7,4,0,9,7,2,0,7,5,2,0,4,2,2,0,0,0,0,0,10,7,3,0,1,0,1,0
2025,2824,Oklahoma Panhandle St,ii,Independent DII,,,1,0,1,0,0,0,0,0,0,0,0,0,1,0,1,0,0,0,0,0,1,0,1,0,0,0,0,0
2025,93,Murray State,fcs,MVFC,,1.0077769458293915,12,1,11,0,8,1,7,0,5,0,5,0,7,1,6,0,0,0,0,0,12,1,11,0,0,0,0,0
2025,87,Notre Dame,fbs,FBS Independents,,10.25640269741416,12,10,2,0,0,0,0,0,7,6,1,0,5,4,1,0,0,0,0,0,12,10,2,0,0,0,0,0
2025,159,Dartmouth,fcs,Ivy,,6.183551272377372,10,7,3,0,7,4,3,0,5,5,0,0,5,2,3,0,0,0,0,0,10,7,3,0,0,0,0,0
2025,163,Princeton,fcs,Ivy,,3.774019503965974,10,3,7,0,7,2,5,0,5,1,4,0,5,2,3,0,0,0,0,0,10,3,7,0,0,0,0,0
2025,2851,Winona State,ii,Northern Sun,,,11,6,5,0,11,6,5,0,6,5,1,0,5,1,4,0,0,0,0,0,11,6,5,0,0,0,0,0
2025,2815,Lindenwood,fcs,Big South-OVC,,5.837423390708864,12,6,6,0,8,5,3,0,5,3,2,0,7,3,4,0,0,0,0,0,12,6,6,0,0,0,0,0
2025,2102,Carnegie Mellon,iii,Presidents',,,11,6,5,0,0,0,0,0,6,4,2,0,5,2,3,0,0,0,0,0,11,6,5,0,0,0,0,0
2025,2395,Midwestern State,ii,Lone Star,,,11,3,8,0,9,3,6,0,5,1,4,0,6,2,4,0,0,0,0,0,11,3,8,0,0,0,0,0
2025,129,Saginaw Valley State,ii,GLIAC,,0.19291424751281738,11,6,5,0,7,5,2,0,7,4,3,0,4,2,2,0,0,0,0,0,11,6,5,0,0,0,0,0
2025,101161,LYONCOLL,iii,Southern Collegiate Athletic,,,10,2,7,1,4,1,3,0,4,1,3,0,5,1,3,1,1,0,1,0,10,2,7,1,0,0,0,0
2025,2779,St. Lawrence,iii,Liberty League,,,10,4,6,0,6,2,4,0,6,3,3,0,4,1,3,0,0,0,0,0,10,4,6,0,0,0,0,0
2025,110242,West Florida,ii,Gulf South,,,12,10,2,0,6,5,1,0,7,5,2,0,5,5,0,0,0,0,0,0,11,9,2,0,1,1,0,0
2025,2523,Robert Morris,fcs,NEC,,3.791457876563072,12,3,9,0,7,2,5,0,5,1,4,0,7,2,5,0,0,0,0,0,12,3,9,0,0,0,0,0
2025,235,Memphis,fbs,American Athletic,,7.140208125114441,13,8,5,0,8,4,4,0,6,4,2,0,6,4,2,0,1,0,1,0,12,8,4,0,1,0,1,0
2025,344,Mississippi State,fbs,SEC,,5.099944571964443,13,5,8,0,8,1,7,0,7,3,4,0,5,2,3,0,1,0,1,0,12,5,7,0,1,0,1,0
2025,6353,Lakeland,iii,NACC,,,10,4,6,0,8,4,4,0,6,2,4,0,4,2,2,0,0,0,0,0,10,4,6,0,0,0,0,0
2025,131,Wayne State (MI),ii,GLIAC,,,11,0,11,0,7,0,7,0,5,0,5,0,6,0,6,0,0,0,0,0,11,0,11,0,0,0,0,0
2025,68,Boise State,fbs,Mountain West,,8.873036118224263,14,9,5,0,8,6,2,0,7,6,1,0,6,3,3,0,1,0,1,0,13,9,4,0,1,0,1,0
2025,245,Texas A&M,fbs,SEC,,10.537021737545729,13,11,2,0,8,7,1,0,8,7,1,0,5,4,1,0,0,0,0,0,12,11,1,0,1,0,1,0
2025,2635,Tennessee Tech,fcs,Big South-OVC,,9.097985625267029,13,11,2,0,8,8,0,0,8,7,1,0,5,4,1,0,0,0,0,0,13,11,2,0,0,0,0,0
2025,2743,Wisconsin-Stevens Pt,iii,Wisconsin,,,10,4,6,0,7,1,6,0,6,3,3,0,4,1,3,0,0,0,0,0,10,4,6,0,0,0,0,0
2025,336,Wesleyan University (CT),iii,NESCAC,,,9,7,2,0,9,7,2,0,5,4,1,0,4,3,1,0,0,0,0,0,9,7,2,0,0,0,0,0
2025,2394,Middlebury,iii,NESCAC,,,9,5,4,0,9,5,4,0,4,3,1,0,5,2,3,0,0,0,0,0,9,5,4,0,0,0,0,0
2025,306,Illinois Wesleyan,iii,CCIW,,,10,4,6,0,9,4,5,0,5,2,3,0,5,2,3,0,0,0,0,0,10,4,6,0,0,0,0,0
2025,2448,North Carolina A&T,fcs,CAA,,2.5530000403523445,12,2,10,0,8,2,6,0,6,2,4,0,6,0,6,0,0,0,0,0,12,2,10,0,0,0,0,0
2025,2654,Truman State,ii,Great Lakes,,,12,8,4,0,8,7,1,0,5,4,1,0,7,4,3,0,0,0,0,0,11,8,3,0,1,0,1,0
2025,2542,Savannah St,ii,SIAC,,0.0,10,4,6,0,8,3,5,0,5,2,3,0,4,2,2,0,1,0,1,0,10,4,6,0,0,0,0,0
2025,2277,Houston Christian,fcs,Southland,,2.383417441509664,12,2,10,0,7,1,6,0,6,2,4,0,6,0,6,0,0,0,0,0,12,2,10,0,0,0,0,0
2025,2011,Alabama State,fcs,SWAC,East,8.676347081549466,12,10,2,0,9,8,1,0,5,5,0,0,6,4,2,0,1,1,0,0,12,10,2,0,0,0,0,0
2025,241,McMurry,iii,Southern Collegiate Athletic,,,10,6,4,0,5,4,1,0,5,3,2,0,4,2,2,0,1,1,0,0,10,6,4,0,0,0,0,0
2025,3101,Utah Tech,fcs,UAC,,2.676872916519642,12,2,10,0,8,1,7,0,6,2,4,0,6,0,6,0,0,0,0,0,12,2,10,0,0,0,0,0
2025,583,Northwestern (MN),iii,Upper Midwest,,,10,4,6,0,7,4,3,0,4,1,3,0,6,3,3,0,0,0,0,0,10,4,6,0,0,0,0,0
2025,147,Montana State,fcs,Big Sky,,13.201582562178373,16,14,2,0,8,8,0,0,10,9,1,0,5,4,1,0,1,1,0,0,14,12,2,0,2,2,0,0
2025,367,Gannon,ii,Pennsylvania State Athletic,Western,,11,1,10,0,9,1,8,0,6,1,5,0,5,0,5,0,0,0,0,0,11,1,10,0,0,0,0,0
2025,2032,Arkansas State,fbs,Sun Belt,West,5.233487401157618,13,7,6,0,8,5,3,0,6,3,3,0,5,3,2,0,2,1,1,0,12,6,6,0,1,1,0,0
2025,222,Villanova,fcs,CAA,,10.202784802764654,15,12,3,0,8,7,1,0,8,7,1,0,7,5,2,0,0,0,0,0,14,12,2,0,1,0,1,0
2025,2045,Austin,iii,Southern Collegiate Athletic,,,9,3,6,0,6,3,3,0,5,1,4,0,3,1,2,0,1,1,0,0,9,3,6,0,0,0,0,0
2025,2003,Adrian,iii,Michigan,,0.7026592493057251,10,8,2,0,7,5,2,0,5,4,1,0,5,4,1,0,0,0,0,0,10,8,2,0,0,0,0,0
2025,2685,Wartburg,iii,American Rivers,,,11,10,1,0,8,8,0,0,6,5,1,0,5,5,0,0,0,0,0,0,11,10,1,0,0,0,0,0
2025,2745,Wisconsin-Whitewater,iii,Wisconsin,,,11,8,3,0,7,5,2,0,6,4,2,0,4,3,1,0,1,1,0,0,10,8,2,0,1,0,1,0
2025,2264,Harding University,ii,Great American,,,16,15,1,0,11,11,0,0,8,8,0,0,7,7,0,0,1,0,1,0,14,14,0,0,2,1,1,0
2025,417,Gallaudet,iii,Old Dominion,,,9,1,8,0,0,0,0,0,5,1,4,0,3,0,3,0,1,0,1,0,9,1,8,0,0,0,0,0
2025,548,Lagrange College,iii,USA South,,,12,10,2,0,7,7,0,0,6,5,1,0,5,4,1,0,1,1,0,0,11,9,2,0,1,1,0,0
2025,271,Wisconsin-Oshkosh,iii,Wisconsin,,,10,5,5,0,7,3,4,0,4,3,1,0,6,2,4,0,0,0,0,0,10,5,5,0,0,0,0,0
2025,2369,Mars Hill,ii,South Atlantic,,,11,5,6,0,9,4,5,0,7,4,3,0,4,1,3,0,0,0,0,0,11,5,6,0,0,0,0,0
2025,2033,Arkansas Tech,ii,Great American,,,12,7,5,0,11,7,4,0,6,4,2,0,5,3,2,0,1,0,1,0,12,7,5,0,0,0,0,0
2025,164,Rutgers,fbs,Big Ten,,5.43767598643899,12,5,7,0,9,2,7,0,7,4,3,0,5,1,4,0,0,0,0,0,12,5,7,0,0,0,0,0
2025,2757,Berry College,iii,Southern Athletic,,,13,11,2,0,6,6,0,0,6,6,0,0,7,5,2,0,0,0,0,0,13,11,2,0,0,0,0,0
2025,2782,Cortland,iii,Empire 8,,,11,8,3,0,6,6,0,0,5,4,1,0,6,4,2,0,0,0,0,0,10,8,2,0,1,0,1,0
2025,2634,Tennessee State,fcs,Big South-OVC,,3.052211858332157,12,2,10,0,8,0,8,0,8,2,6,0,4,0,4,0,0,0,0,0,12,2,10,0,0,0,0,0
2025,338,Kennesaw State,fbs,Conference USA,,8.711555786430836,14,10,4,0,8,7,1,0,6,6,0,0,7,4,3,0,1,0,1,0,13,10,3,0,1,0,1,0
2025,2248,Gettysburg,iii,Centennial,,,10,1,9,0,6,1,5,0,5,0,5,0,5,1,4,0,0,0,0,0,10,1,9,0,0,0,0,0
2025,274,Maine Maritime,iii,Commonwealth Coast,,,10,0,10,0,0,0,0,0,4,0,4,0,5,0,5,0,1,0,1,0,10,0,10,0,0,0,0,0
2025,2714,Western Colorado,ii,Rocky Mountain,,,13,10,3,0,9,7,2,0,6,5,1,0,7,5,2,0,0,0,0,0,12,9,3,0,1,1,0,0
2025,2567,SMU,fbs,ACC,,8.990735094062984,13,9,4,0,8,6,2,0,6,5,1,0,6,3,3,0,1,1,0,0,12,8,4,0,1,1,0,0
2025,3066,Concordia University St Paul,ii,Northern Sun,,,11,2,9,0,9,2,7,0,5,0,5,0,6,2,4,0,0,0,0,0,11,2,9,0,0,0,0,0
2025,2842,UVA Wise,ii,South Atlantic,,,10,1,9,0,9,1,8,0,5,1,4,0,5,0,5,0,0,0,0,0,10,1,9,0,0,0,0,0
2025,2194,East Texas Baptist University,iii,American Southwest,,,10,4,6,0,6,0,6,0,5,2,3,0,5,2,3,0,0,0,0,0,10,4,6,0,0,0,0,0
2025,2559,Shippensburg,ii,Pennsylvania State Athletic,Eastern,,11,3,8,0,10,3,7,0,6,3,3,0,5,0,5,0,0,0,0,0,11,3,8,0,0,0,0,0
2025,128,Northern Michigan,ii,GLIAC,,0.18728531897068024,11,3,8,0,8,3,5,0,6,1,5,0,5,2,3,0,0,0,0,0,11,3,8,0,0,0,0,0
2025,2249,Glenville State,ii,Mountain East,,,11,6,5,0,8,5,3,0,5,2,3,0,6,4,2,0,0,0,0,0,11,6,5,0,0,0,0,0
2025,173,Hartwick,iii,Empire 8,,,10,4,6,0,7,2,5,0,5,3,2,0,5,1,4,0,0,0,0,0,10,4,6,0,0,0,0,0
2025,2207,Elizabeth City State,ii,CIAA,Northern,0.24372214078903198,10,4,6,0,8,4,4,0,5,2,3,0,5,2,3,0,0,0,0,0,10,4,6,0,0,0,0,0
2025,2229,Florida International,fbs,Conference USA,,6.796869790181518,13,7,6,0,8,5,3,0,6,4,2,0,5,2,3,0,2,1,1,0,12,7,5,0,1,0,1,0
2025,2698,West Georgia,fcs,UAC,,7.460296127945185,11,8,3,0,8,5,3,0,5,4,1,0,6,4,2,0,0,0,0,0,11,8,3,0,0,0,0,0
2025,379,UMass Dartmouth,iii,MSCAC,,,10,6,4,0,7,5,2,0,5,5,0,0,5,1,4,0,0,0,0,0,10,6,4,0,0,0,0,0
2025,2368,Marist,fcs,Pioneer,,4.682962654624134,12,5,7,0,8,3,5,0,6,4,2,0,6,1,5,0,0,0,0,0,12,5,7,0,0,0,0,0
2025,2128,University Of Charleston (WV),ii,Mountain East,,,11,8,3,0,8,7,1,0,5,4,1,0,6,4,2,0,0,0,0,0,11,8,3,0,0,0,0,0
2025,2086,Butler,fcs,Pioneer,,4.281845316290855,12,6,6,0,8,4,4,0,5,3,2,0,7,3,4,0,0,0,0,0,12,6,6,0,0,0,0,0
2025,2464,Northern Arizona,fcs,Big Sky,,5.397238930687308,12,7,5,0,8,4,4,0,6,4,2,0,6,3,3,0,0,0,0,0,12,7,5,0,0,0,0,0
2025,2678,VMI,fcs,Southern,,2.620765251107514,12,1,11,0,8,0,8,0,5,1,4,0,7,0,7,0,0,0,0,0,12,1,11,0,0,0,0,0
2025,2535,Samford,fcs,Southern,,0.7405768297612667,12,1,11,0,8,1,7,0,5,0,5,0,7,1,6,0,0,0,0,0,12,1,11,0,0,0,0,0
2025,127954,Eastern University,iii,Mid Atlantic,,,12,10,2,0,9,8,1,0,5,5,0,0,7,5,2,0,0,0,0,0,11,9,2,0,1,1,0,0
2025,2237,Fort Lewis,ii,Rocky Mountain,,,11,2,9,0,9,1,8,0,6,1,5,0,4,0,4,0,1,1,0,0,11,2,9,0,0,0,0,0
2025,2687,Washburn,ii,Mid America,,,11,3,8,0,9,2,7,0,6,2,4,0,5,1,4,0,0,0,0,0,11,3,8,0,0,0,0,0
2025,2509,Purdue,fbs,Big Ten,,3.56669588573277,12,2,10,0,9,0,9,0,7,2,5,0,5,0,5,0,0,0,0,0,12,2,10,0,0,0,0,0
2025,2653,Troy,fbs,Sun Belt,West,6.56121389567852,14,8,6,0,8,6,2,0,6,4,2,0,7,4,3,0,1,0,1,0,13,8,5,0,1,0,1,0
2025,2710,Western Illinois,fcs,Big South-OVC,,2.338866211473942,12,4,8,0,8,3,5,0,5,2,3,0,7,2,5,0,0,0,0,0,12,4,8,0,0,0,0,0
2025,2741,Wisconsin-Lutheran,iii,NACC,,,10,5,5,0,8,5,3,0,5,1,4,0,5,4,1,0,0,0,0,0,10,5,5,0,0,0,0,0
2025,2046,Austin Peay,fcs,UAC,,8.031405549496412,12,7,5,0,8,4,4,0,6,6,0,0,6,1,5,0,0,0,0,0,12,7,5,0,0,0,0,0
2025,366,Ferrum,ii,Carolinas,,0.001994490623474121,11,4,7,0,0,0,0,0,5,3,2,0,6,1,5,0,0,0,0,0,11,4,7,0,0,0,0,0
2025,257,Richmond,fcs,Patriot,,7.4922631890513,12,7,5,0,1,1,0,0,5,3,2,0,7,4,3,0,0,0,0,0,12,7,5,0,0,0,0,0
2025,2569,South Carolina State,fcs,MEAC,,8.940442895516753,13,10,3,0,5,5,0,0,5,5,0,0,7,4,3,0,1,1,0,0,12,9,3,0,1,1,0,0
2025,21,San Diego State,fbs,Mountain West,,9.465852856636047,13,9,4,0,8,6,2,0,6,6,0,0,6,3,3,0,1,0,1,0,12,9,3,0,1,0,1,0
2025,2570,CSU Pueblo,ii,Rocky Mountain,,,12,10,2,0,9,9,0,0,6,4,2,0,6,6,0,0,0,0,0,0,11,10,1,0,1,0,1,0
2025,2884,Nichols College,iii,Commonwealth Coast,,,10,2,8,0,5,0,5,0,4,1,3,0,6,1,5,0,0,0,0,0,10,2,8,0,0,0,0,0
2025,119,Towson,fcs,CAA,,5.051264015957713,12,6,6,0,8,4,4,0,5,1,4,0,7,5,2,0,0,0,0,0,12,6,6,0,0,0,0,0
2025,2116,UCF,fbs,Big 12,,5.755343325436115,12,5,7,0,9,2,7,0,7,5,2,0,5,0,5,0,0,0,0,0,12,5,7,0,0,0,0,0
2025,238,Vanderbilt,fbs,SEC,,9.082079249434173,13,10,3,0,8,6,2,0,7,7,0,0,5,3,2,0,1,0,1,0,12,10,2,0,1,0,1,0
2025,455,West Virginia Wesleyan,ii,Mountain East,,,11,0,11,0,8,0,8,0,6,0,6,0,5,0,5,0,0,0,0,0,11,0,11,0,0,0,0,0
2025,2733,Wilmington (OH),iii,Ohio,,,10,3,7,0,8,1,7,0,5,1,4,0,5,2,3,0,0,0,0,0,10,3,7,0,0,0,0,0
2025,286,North Carolina Wesleyan,iii,USA South,,,10,4,6,0,7,2,5,0,5,1,4,0,5,3,2,0,0,0,0,0,10,4,6,0,0,0,0,0
2025,2348,Louisiana Tech,fbs,Conference USA,,8.906039774417877,13,8,5,0,8,5,3,0,6,5,1,0,6,2,4,0,1,1,0,0,12,7,5,0,1,1,0,0
2025,374,St John Fisher University,iii,Empire 8,,,11,7,4,0,6,4,2,0,6,4,2,0,5,3,2,0,0,0,0,0,11,7,4,0,0,0,0,0
2025,66,Iowa State,fbs,Big 12,,7.637283030897379,12,8,4,0,9,5,4,0,6,4,2,0,5,3,2,0,1,1,0,0,12,8,4,0,0,0,0,0
2025,2968,Gustavus Adolphus,iii,Minnesota,,,10,5,5,0,9,5,4,0,5,2,3,0,5,3,2,0,0,0,0,0,10,5,5,0,0,0,0,0
2025,2467,Norwich,iii,NEWMAC,,,10,1,9,0,7,0,7,0,5,1,4,0,5,0,5,0,0,0,0,0,10,1,9,0,0,0,0,0
2025,65,Grinnell,iii,Midwest,,,10,2,8,0,9,2,7,0,6,2,4,0,4,0,4,0,0,0,0,0,10,2,8,0,0,0,0,0
2025,174,Hobart College,iii,Liberty League,,,11,6,5,0,6,3,3,0,4,3,1,0,7,3,4,0,0,0,0,0,11,6,5,0,0,0,0,0
2025,2871,Kean,iii,New Jersey,,,10,3,7,0,6,1,5,0,6,2,4,0,4,1,3,0,0,0,0,0,10,3,7,0,0,0,0,0
2025,2832,St. Norbert,iii,NACC,,,10,5,5,0,8,5,3,0,5,3,2,0,5,2,3,0,0,0,0,0,10,5,5,0,0,0,0,0
2025,2800,Alma,iii,Michigan,,,11,8,3,0,7,7,0,0,5,4,1,0,6,4,2,0,0,0,0,0,10,8,2,0,1,0,1,0
2025,2450,Norfolk State,fcs,MEAC,,4.063497398048639,12,1,11,0,5,0,5,0,5,1,4,0,5,0,5,0,2,0,2,0,12,1,11,0,0,0,0,0
2025,9,Arizona State,fbs,Big 12,,6.215887748636305,13,8,5,0,9,6,3,0,7,5,2,0,5,3,2,0,1,0,1,0,12,8,4,0,1,0,1,0
2025,2206,Edward Waters,ii,SIAC,,0.0077991485595703125,10,5,5,0,8,4,4,0,5,3,2,0,5,2,3,0,0,0,0,0,10,5,5,0,0,0,0,0
2025,255,Knox College,iii,Midwest,,,10,2,7,1,9,2,6,1,5,1,4,0,5,1,3,1,0,0,0,0,10,2,7,1,0,0,0,0
2025,101,Eureka College,iii,NACC,,,10,2,8,0,8,1,7,0,5,1,4,0,5,1,4,0,0,0,0,0,10,2,8,0,0,0,0,0
2025,29,Redlands,iii,So. Cal.,,,10,6,4,0,8,4,4,0,5,2,3,0,5,4,1,0,0,0,0,0,10,6,4,0,0,0,0,0
2025,124,Augsburg,iii,Minnesota,,,11,4,6,0,10,4,5,0,6,2,3,0,4,2,2,0,1,0,1,0,11,4,6,0,0,0,0,0
2025,2006,Akron,fbs,Mid-American,,5.0001033917069435,12,5,7,0,8,4,4,0,6,3,3,0,6,2,4,0,0,0,0,0,12,5,7,0,0,0,0,0
2025,2241,Gardner-Webb,fcs,Big South-OVC,,6.231208987068385,12,7,5,0,8,5,3,0,5,3,2,0,7,4,3,0,0,0,0,0,12,7,5,0,0,0,0,0
2025,2916,Incarnate Word,fcs,Southland,,6.705806972458959,12,5,7,0,7,3,4,0,6,3,3,0,6,2,4,0,0,0,0,0,12,5,7,0,0,0,0,0
2025,2390,Miami,fbs,ACC,,13.448113068938255,16,13,3,0,8,6,2,0,8,7,1,0,5,4,1,0,3,2,1,0,12,10,2,0,4,3,1,0
2025,2234,Franklin & Marshall,iii,Centennial,,,11,9,2,0,6,6,0,0,6,4,2,0,5,5,0,0,0,0,0,0,10,9,1,0,1,0,1,0
2025,223,West Chester,ii,Pennsylvania State Athletic,Eastern,,11,4,7,0,9,3,6,0,5,2,3,0,6,2,4,0,0,0,0,0,11,4,7,0,0,0,0,0
2025,203,Linfield College,iii,Northwest,,,9,7,2,0,7,6,1,0,6,4,2,0,3,3,0,0,0,0,0,0,9,7,2,0,0,0,0,0
2025,2825,Quincy,ii,Great Lakes,,,11,6,5,0,8,4,4,0,5,3,2,0,6,3,3,0,0,0,0,0,11,6,5,0,0,0,0,0
2025,354,Olivet College,iii,Michigan,,,10,1,9,0,7,1,6,0,6,0,6,0,4,1,3,0,0,0,0,0,10,1,9,0,0,0,0,0
2025,127991,Roosevelt,ii,GLIAC,,,10,2,8,0,7,1,6,0,5,2,3,0,5,0,5,0,0,0,0,0,10,2,8,0,0,0,0,0
2025,2028,Arkansas-Monticello,ii,Great American,,,11,2,9,0,11,2,9,0,5,1,4,0,6,1,5,0,0,0,0,0,11,2,9,0,0,0,0,0
2025,2377,McNeese,fcs,Southland,,4.805757209658623,12,5,7,0,7,4,3,0,6,3,3,0,6,2,4,0,0,0,0,0,12,5,7,0,0,0,0,0
2025,2812,Hope College,iii,Michigan,,,11,9,2,0,7,6,1,0,6,4,2,0,5,5,0,0,0,0,0,0,10,9,1,0,1,0,1,0
2025,2638,UTEP,fbs,Conference USA,,2.7203437201678753,12,2,10,0,8,1,7,0,6,1,5,0,5,0,5,0,1,1,0,0,12,2,10,0,0,0,0,0
2025,2519,Rhodes College,iii,Southern Athletic,,,10,1,9,0,7,0,7,0,5,1,4,0,5,0,5,0,0,0,0,0,10,1,9,0,0,0,0,0
2025,2529,Sacred Heart,fcs,FCS Independents,,6.225355118513107,12,8,4,0,1,1,0,0,6,6,0,0,6,2,4,0,0,0,0,0,12,8,4,0,0,0,0,0
2025,389,Upper Iowa University,ii,Great Lakes,,0.000213623046875,12,9,3,0,8,6,2,0,5,5,0,0,6,3,3,0,1,1,0,0,12,9,3,0,0,0,0,0
2025,228,Clemson,fbs,ACC,,8.636965634301305,13,7,6,0,8,4,4,0,7,3,4,0,5,4,1,0,1,0,1,0,12,7,5,0,1,0,1,0
2025,2184,Duquesne,fcs,NEC,,6.726999204605818,12,7,5,0,7,5,2,0,6,5,1,0,6,2,4,0,0,0,0,0,12,7,5,0,0,0,0,0
2025,433,Westminster College (MO),iii,Upper Midwest,,,10,4,6,0,7,2,5,0,4,2,2,0,6,2,4,0,0,0,0,0,10,4,6,0,0,0,0,0
2025,2837,East Texas A&M,fcs,Southland,,4.166896496899426,12,3,9,0,7,3,4,0,5,1,4,0,7,2,5,0,0,0,0,0,12,3,9,0,0,0,0,0
2025,2221,FDU-Florham,iii,Mid Atlantic,,,10,1,9,0,9,1,8,0,5,1,4,0,5,0,5,0,0,0,0,0,10,1,9,0,0,0,0,0
2025,2617,Stephen F. Austin,fcs,Southland,,10.161095704883337,14,11,3,0,7,7,0,0,7,7,0,0,7,4,3,0,0,0,0,0,14,11,3,0,0,0,0,0
2025,282,Indiana State,fcs,MVFC,,2.3081507831811905,12,3,9,0,8,1,7,0,6,2,4,0,6,1,5,0,0,0,0,0,12,3,9,0,0,0,0,0
2025,248,Houston,fbs,Big 12,,7.08340787794441,13,10,3,0,9,6,3,0,6,3,3,0,6,6,0,0,1,1,0,0,12,9,3,0,1,1,0,0
2025,2119,Central State (OH),ii,SIAC,,0.08401387929916382,10,3,7,0,8,3,5,0,5,1,4,0,4,2,2,0,1,0,1,0,10,3,7,0,0,0,0,0
2025,2062,Bethany (WV),iii,Presidents',,,10,1,9,0,7,1,6,0,5,0,5,0,5,1,4,0,0,0,0,0,10,1,9,0,0,0,0,0
2025,81,Springfield,iii,NEWMAC,,,12,9,3,0,7,7,0,0,6,6,0,0,6,3,3,0,0,0,0,0,11,8,3,0,1,1,0,0
2025,2844,Wayne State (NE),ii,Northern Sun,,,11,7,4,0,10,7,3,0,6,4,2,0,5,3,2,0,0,0,0,0,11,7,4,0,0,0,0,0
2025,2453,North Alabama,fcs,UAC,,3.474929854273796,12,2,10,0,8,1,7,0,5,2,3,0,7,0,7,0,0,0,0,0,12,2,10,0,0,0,0,0
2025,2740,Wisconsin-Lacrosse,iii,Wisconsin,,,11,8,3,0,7,5,2,0,4,4,0,0,7,4,3,0,0,0,0,0,10,7,3,0,1,1,0,0
2025,2197,Eastern Illinois,fcs,Big South-OVC,,3.9181027938611805,12,3,9,0,8,2,6,0,6,2,4,0,6,1,5,0,0,0,0,0,12,3,9,0,0,0,0,0
2025,52,Florida State,fbs,ACC,,6.460647560656071,12,5,7,0,8,2,6,0,7,5,2,0,5,0,5,0,0,0,0,0,12,5,7,0,0,0,0,0
2025,2586,Southwest Baptist,ii,Great Lakes,,,10,3,7,0,8,2,6,0,5,0,5,0,5,3,2,0,0,0,0,0,10,3,7,0,0,0,0,0
2025,308,Ashland,ii,Great Midwest Athletic,,,13,10,3,0,9,8,1,0,6,5,1,0,7,5,2,0,0,0,0,0,12,9,3,0,1,1,0,0
2025,2079,Bridgewater (VA),iii,Old Dominion,,,10,4,6,0,6,3,3,0,5,2,3,0,5,2,3,0,0,0,0,0,10,4,6,0,0,0,0,0
2025,331,Eastern Washington,fcs,Big Sky,,4.905098777264357,12,5,7,0,8,4,4,0,5,4,1,0,7,1,6,0,0,0,0,0,12,5,7,0,0,0,0,0
2025,2213,Emory & Henry College,ii,South Atlantic,,,11,8,3,0,9,6,3,0,5,4,1,0,6,4,2,0,0,0,0,0,11,8,3,0,0,0,0,0
2025,2405,Monmouth,fcs,CAA,,9.073643654584885,12,9,3,0,8,6,2,0,5,3,2,0,7,6,1,0,0,0,0,0,12,9,3,0,0,0,0,0
2025,25,California,fbs,ACC,,6.241159430705011,13,7,6,0,8,4,4,0,6,4,2,0,7,3,4,0,0,0,0,0,12,7,5,0,1,0,1,0
2025,2134,Clarion,ii,Pennsylvania State Athletic,Western,,11,6,5,0,9,4,5,0,5,4,1,0,6,2,4,0,0,0,0,0,11,6,5,0,0,0,0,0
2025,2619,Stony Brook,fcs,CAA,,5.419395513832569,12,6,6,0,8,4,4,0,6,5,1,0,6,1,5,0,0,0,0,0,12,6,6,0,0,0,0,0
2025,2438,Nebraska-Kearney,ii,Mid America,,,11,6,5,0,9,4,5,0,5,4,1,0,6,2,4,0,0,0,0,0,11,6,5,0,0,0,0,0
2025,2329,Lehigh,fcs,Patriot,,11.064314763061702,13,12,1,0,6,6,0,0,7,6,1,0,6,6,0,0,0,0,0,0,13,12,1,0,0,0,0,0
2025,2963,Case Western Reserve,iii,Presidents',,,10,4,5,1,8,4,4,0,4,1,3,0,6,3,2,1,0,0,0,0,10,4,5,1,0,0,0,0
2025,2108,Catholic,iii,Landmark Conference,,,10,3,7,0,5,2,3,0,5,3,2,0,5,0,5,0,0,0,0,0,10,3,7,0,0,0,0,0
2025,2534,Sam Houston,fbs,Conference USA,,1.5967655126005411,12,2,10,0,8,1,7,0,0,0,0,0,7,1,6,0,5,1,4,0,12,2,10,0,0,0,0,0
2025,2673,Valdosta State,ii,Gulf South,,,11,6,5,0,5,5,0,0,5,3,2,0,5,2,3,0,1,1,0,0,10,6,4,0,1,0,1,0
2025,2201,Eastern New Mexico,ii,Lone Star,,,11,3,8,0,9,3,6,0,6,2,4,0,5,1,4,0,0,0,0,0,11,3,8,0,0,0,0,0
2025,323,Moravian,iii,Landmark Conference,,,10,2,8,0,5,1,4,0,5,1,4,0,5,1,4,0,0,0,0,0,10,2,8,0,0,0,0,0
2025,114,Fitchburg State,iii,MSCAC,,,10,3,7,0,7,1,6,0,5,2,3,0,5,1,4,0,0,0,0,0,10,3,7,0,0,0,0,0
2025,125,Grand Valley State University,ii,GLIAC,,,10,7,3,0,7,5,2,0,6,5,1,0,4,2,2,0,0,0,0,0,10,7,3,0,0,0,0,0
2025,2341,Long Island University,fcs,NEC,,6.720968566834927,12,6,6,0,7,4,3,0,5,4,1,0,7,2,5,0,0,0,0,0,12,6,6,0,0,0,0,0
2025,2896,Southern Virginia,iii,USA South,,,10,6,4,0,7,3,4,0,5,3,2,0,5,3,2,0,0,0,0,0,10,6,4,0,0,0,0,0
2025,2148,Concord University,ii,Mountain East,,,11,4,7,0,8,2,6,0,4,2,2,0,7,2,5,0,0,0,0,0,11,4,7,0,0,0,0,0
2025,118,Johns Hopkins University,iii,Centennial,,,14,12,2,0,6,5,1,0,7,7,0,0,7,5,2,0,0,0,0,0,13,12,1,0,1,0,1,0
2025,2085,Buffalo State,iii,Liberty League,,,10,1,9,0,6,0,6,0,5,0,5,0,5,1,4,0,0,0,0,0,10,1,9,0,0,0,0,0
2025,2188,East Stroudsburg University,ii,Pennsylvania State Athletic,Eastern,,11,8,3,0,10,7,3,0,6,5,1,0,5,3,2,0,0,0,0,0,11,8,3,0,0,0,0,0
2025,126086,Post University,ii,Northeast 10,,,10,4,6,0,9,3,6,0,6,3,3,0,4,1,3,0,0,0,0,0,10,4,6,0,0,0,0,0
2025,112,Tufts,iii,NESCAC,,,9,4,5,0,9,4,5,0,4,2,2,0,5,2,3,0,0,0,0,0,9,4,5,0,0,0,0,0
2025,112334,Franklin Pierce,ii,Northeast 10,,,10,6,4,0,8,6,2,0,5,3,2,0,5,3,2,0,0,0,0,0,10,6,4,0,0,0,0,0
2025,2560,Shorter,ii,Carolinas,,,11,2,9,0,4,0,4,0,5,1,4,0,6,1,5,0,0,0,0,0,11,2,9,0,0,0,0,0
2025,130,Michigan,fbs,Big Ten,,8.139928461052477,13,9,4,0,9,7,2,0,6,5,1,0,5,3,2,0,2,1,1,0,12,9,3,0,1,0,1,0
2025,2075,Bowie State,ii,CIAA,Northern,0.05608123540878296,10,3,7,0,8,2,6,0,4,0,4,0,6,3,3,0,0,0,0,0,10,3,7,0,0,0,0,0
2025,2419,Mount St. Joseph,iii,Heartland,,,11,6,5,0,6,5,1,0,5,3,2,0,5,3,2,0,1,0,1,0,11,6,5,0,0,0,0,0
2025,2972,Plymouth State,iii,MSCAC,,,10,8,2,0,7,6,1,0,5,4,1,0,4,3,1,0,1,1,0,0,10,8,2,0,0,0,0,0
2025,216,Susquehanna,iii,Landmark Conference,,,14,11,3,0,5,5,0,0,9,7,2,0,5,4,1,0,0,0,0,0,13,10,3,0,1,1,0,0
2025,2121,Centre College Kentucky,iii,Southern Athletic,,,10,5,5,0,6,4,2,0,5,3,2,0,5,2,3,0,0,0,0,0,10,5,5,0,0,0,0,0
2025,2428,North Carolina Central,fcs,MEAC,,7.834098365157843,12,8,4,0,5,3,2,0,5,2,3,0,6,5,1,0,1,1,0,0,12,8,4,0,0,0,0,0
2025,2084,Buffalo,fbs,Mid-American,,4.92267126776278,12,5,7,0,8,4,4,0,7,2,5,0,5,3,2,0,0,0,0,0,12,5,7,0,0,0,0,0
2025,43,Yale,fcs,Ivy,,8.028741981368512,12,9,3,0,7,6,1,0,6,6,0,0,6,3,3,0,0,0,0,0,12,9,3,0,0,0,0,0
2025,2193,East Tennessee State,fcs,Southern,,6.5574455335736275,12,7,5,0,8,5,3,0,6,5,1,0,6,2,4,0,0,0,0,0,12,7,5,0,0,0,0,0
2025,231,Furman,fcs,Southern,,5.181888498365879,12,6,6,0,8,4,4,0,6,4,2,0,6,2,4,0,0,0,0,0,12,6,6,0,0,0,0,0
2025,2305,Kansas,fbs,Big 12,,6.6933103278279305,12,5,7,0,9,3,6,0,7,4,3,0,5,1,4,0,0,0,0,0,12,5,7,0,0,0,0,0
2025,158,Nebraska,fbs,Big Ten,,5.656969394534826,13,7,6,0,9,4,5,0,7,4,3,0,4,2,2,0,2,1,1,0,12,7,5,0,1,0,1,0
2025,2447,Nicholls,fcs,Southland,,3.8823198936879635,12,4,8,0,7,4,3,0,5,4,1,0,7,0,7,0,0,0,0,0,12,4,8,0,0,0,0,0
2025,2676,Virginia Union,ii,CIAA,Northern,,12,9,3,0,9,8,1,0,5,4,1,0,5,4,1,0,2,1,1,0,11,9,2,0,1,0,1,0
2025,2271,Henderson State,ii,Great American,,,11,8,3,0,11,8,3,0,5,3,2,0,6,5,1,0,0,0,0,0,11,8,3,0,0,0,0,0
2025,124180,Bluefield State,ii,CIAA,Northern,,10,3,7,0,7,2,5,0,6,3,3,0,4,0,4,0,0,0,0,0,10,3,7,0,0,0,0,0
2025,167,New Mexico,fbs,Mountain West,,7.38580188062042,13,9,4,0,8,6,2,0,6,6,0,0,6,3,3,0,1,0,1,0,12,9,3,0,1,0,1,0
2025,2015,Albright,iii,Mid Atlantic,,,10,4,6,0,9,3,6,0,5,2,3,0,5,2,3,0,0,0,0,0,10,4,6,0,0,0,0,0
2025,2331,Lenoir-Rhyne,ii,South Atlantic,,,11,6,5,0,9,5,4,0,5,3,2,0,6,3,3,0,0,0,0,0,11,6,5,0,0,0,0,0
2025,259,Virginia Tech,fbs,ACC,,3.527654842939228,12,3,9,0,8,2,6,0,7,2,5,0,4,1,3,0,1,0,1,0,12,3,9,0,0,0,0,0
2025,188,Baldwin Wallace,iii,Ohio,,,10,8,2,0,8,6,2,0,5,4,1,0,5,4,1,0,0,0,0,0,10,8,2,0,0,0,0,0
2025,2858,PennWest California,ii,Pennsylvania State Athletic,Western,,13,9,4,0,9,6,3,0,7,5,2,0,6,4,2,0,0,0,0,0,12,8,4,0,1,1,0,0
2025,237,Union (NY),iii,Liberty League,,,11,8,3,0,6,6,0,0,5,5,0,0,6,3,3,0,0,0,0,0,10,8,2,0,1,0,1,0
2025,40,Curry College,iii,Commonwealth Coast,,,11,8,3,0,5,4,1,0,7,6,1,0,3,1,2,0,1,1,0,0,11,8,3,0,0,0,0,0
2025,2627,Tarleton State,fcs,UAC,,10.408841436728835,14,12,2,0,8,7,1,0,8,7,1,0,6,5,1,0,0,0,0,0,14,12,2,0,0,0,0,0
2025,262,Lake Forest College,iii,Midwest,,,10,7,3,0,9,7,2,0,5,4,1,0,4,3,1,0,1,0,1,0,10,7,3,0,0,0,0,0
2025,2371,Mary Hardin-Baylor,iii,American Southwest,,,10,7,3,0,6,5,1,0,6,5,1,0,4,2,2,0,0,0,0,0,10,7,3,0,0,0,0,0
2025,2504,Prairie View A&M,fcs,SWAC,West,9.938429178204387,14,10,4,0,8,7,1,0,6,4,2,0,6,5,1,0,2,1,1,0,13,10,3,0,1,0,1,0
2025,2000,Abilene Christian,fcs,UAC,,8.420483455061913,14,9,5,0,8,7,1,0,6,6,0,0,8,3,5,0,0,0,0,0,14,9,5,0,0,0,0,0
2025,6845,Nebraska Wesleyan,iii,American Rivers,,,10,1,9,0,8,1,7,0,5,1,4,0,4,0,4,0,1,0,1,0,10,1,9,0,0,0,0,0
2025,155,North Dakota,fcs,MVFC,,9.40951634850353,14,8,6,0,8,5,3,0,6,4,2,0,8,4,4,0,0,0,0,0,14,8,6,0,0,0,0,0
2025,293,Castleton,iii,New Jersey,,,10,2,8,0,1,1,0,0,5,1,4,0,5,1,4,0,0,0,0,0,10,2,8,0,0,0,0,0
2025,2286,Illinois College,iii,Midwest,,,11,8,3,0,9,7,2,0,5,5,0,0,5,3,2,0,1,0,1,0,11,8,3,0,0,0,0,0
2025,418,Hendrix College,iii,Southern Athletic,,,10,6,4,0,2,1,1,0,6,4,2,0,3,1,2,0,1,1,0,0,10,6,4,0,0,0,0,0
2025,107,Holy Cross,fcs,Patriot,,4.258055578917265,12,3,9,0,6,2,4,0,4,0,4,0,7,2,5,0,1,1,0,0,12,3,9,0,0,0,0,0
2025,2986,Fairmont State,ii,Mountain East,,,11,6,5,0,8,3,5,0,5,2,3,0,6,4,2,0,0,0,0,0,11,6,5,0,0,0,0,0
2025,111675,Biddeford,iii,Commonwealth Coast,,,10,8,2,0,5,3,2,0,6,6,0,0,4,2,2,0,0,0,0,0,10,8,2,0,0,0,0,0
2025,2440,Nevada,fbs,Mountain West,,3.669079319573939,12,3,9,0,8,2,6,0,6,2,4,0,6,1,5,0,0,0,0,0,12,3,9,0,0,0,0,0
2025,2744,Wisconsin-Stout,iii,Wisconsin,,,11,6,5,0,7,3,4,0,5,3,2,0,5,2,3,0,1,1,0,0,11,6,5,0,0,0,0,0
2025,254,Utah,fbs,Big 12,,10.604384354315698,13,11,2,0,9,7,2,0,6,5,1,0,6,5,1,0,1,1,0,0,12,10,2,0,1,1,0,0
2025,2273,Hillsdale,ii,Great Midwest Athletic,,,12,6,6,0,9,5,4,0,5,3,2,0,6,3,3,0,1,0,1,0,12,6,6,0,0,0,0,0
2025,96,Kentucky,fbs,SEC,,5.617103293538094,12,5,7,0,8,2,6,0,7,4,3,0,5,1,4,0,0,0,0,0,12,5,7,0,0,0,0,0
2025,2838,Tiffin,ii,Great Midwest Athletic,,,11,7,4,0,9,6,3,0,4,3,1,0,7,4,3,0,0,0,0,0,11,7,4,0,0,0,0,0
2025,427,Ohio Northern,iii,Ohio,,,11,8,3,0,8,7,1,0,5,5,0,0,5,3,2,0,1,0,1,0,11,8,3,0,0,0,0,0
2025,2723,Wisconsin-River Falls,iii,Wisconsin,,,15,14,1,0,7,6,1,0,9,8,1,0,5,5,0,0,1,1,0,0,13,12,1,0,2,2,0,0
2025,2117,Central Michigan,fbs,Mid-American,,7.2734494372271,13,7,6,0,8,5,3,0,5,4,1,0,7,3,4,0,1,0,1,0,12,7,5,0,1,0,1,0
2025,11,Colorado Mesa,ii,Rocky Mountain,,,11,6,5,0,9,5,4,0,5,4,1,0,6,2,4,0,0,0,0,0,11,6,5,0,0,0,0,0
2025,2487,Pace,ii,Northeast 10,,0.22073894739151,11,0,11,0,9,0,9,0,4,0,4,0,7,0,7,0,0,0,0,0,11,0,11,0,0,0,0,0
2025,120,Maryland,fbs,Big Ten,,5.526385084725916,12,4,8,0,9,1,8,0,7,3,4,0,4,1,3,0,1,0,1,0,12,4,8,0,0,0,0,0
2025,225,Brown,fcs,Ivy,,4.1773315775208175,10,5,5,0,7,2,5,0,5,3,2,0,5,2,3,0,0,0,0,0,10,5,5,0,0,0,0,0
2025,2477,Ohio Dominican,ii,Great Midwest Athletic,,,10,5,5,0,9,4,5,0,4,2,2,0,6,3,3,0,0,0,0,0,10,5,5,0,0,0,0,0
2025,2927,Southwestern Oklahoma State,ii,Great American,,,11,6,5,0,11,6,5,0,5,2,3,0,6,4,2,0,0,0,0,0,11,6,5,0,0,0,0,0
2025,2751,Wyoming,fbs,Mountain West,,3.7943590665236115,12,4,8,0,8,2,6,0,6,3,3,0,6,1,5,0,0,0,0,0,12,4,8,0,0,0,0,0
2025,2094,California Lutheran University,iii,So. Cal.,,,10,6,4,0,8,4,4,0,4,2,2,0,6,4,2,0,0,0,0,0,10,6,4,0,0,0,0,0
2025,110,Mass Maritime,iii,MSCAC,,,10,5,5,0,7,4,3,0,5,2,3,0,5,3,2,0,0,0,0,0,10,5,5,0,0,0,0,0
2025,2132,Cincinnati,fbs,Big 12,,7.1495265872217715,13,7,6,0,9,5,4,0,7,5,2,0,4,2,2,0,2,0,2,0,12,7,5,0,1,0,1,0
2025,2258,Guilford College,iii,Old Dominion,,,10,2,8,0,6,0,6,0,5,0,5,0,4,2,2,0,1,0,1,0,10,2,8,0,0,0,0,0
2025,89,Wabash College,iii,North Coast,,,11,9,2,0,7,6,1,0,5,4,1,0,5,4,1,0,1,1,0,0,11,9,2,0,0,0,0,0
2025,2568,Southern Arkansas,ii,Great American,,,11,8,3,0,11,8,3,0,6,5,1,0,5,3,2,0,0,0,0,0,11,8,3,0,0,0,0,0
2025,326,Texas State,fbs,Sun Belt,West,8.781269459985197,13,7,6,0,8,3,5,0,6,4,2,0,6,2,4,0,1,1,0,0,12,6,6,0,1,1,0,0
2025,46,Georgetown,fcs,Patriot,,5.063297510147095,12,6,6,0,6,3,3,0,6,4,2,0,5,2,3,0,1,0,1,0,12,6,6,0,0,0,0,0
2025,2572,Southern Miss,fbs,Sun Belt,West,6.909944791346788,13,7,6,0,8,5,3,0,7,4,3,0,5,3,2,0,1,0,1,0,12,7,5,0,1,0,1,0
2025,196,Northeastern State,ii,Independent DII,,0.0,10,7,3,0,1,1,0,0,4,2,2,0,6,5,1,0,0,0,0,0,10,7,3,0,0,0,0,0
2025,110254,Davenport,ii,GLIAC,,,11,5,5,1,8,4,4,0,6,2,3,1,5,3,2,0,0,0,0,0,11,5,5,1,0,0,0,0
2025,2043,Augustana University (SD),ii,Northern Sun,,,11,9,2,0,9,7,2,0,6,5,1,0,5,4,1,0,0,0,0,0,11,9,2,0,0,0,0,0
2025,2171,Denison University,iii,North Coast,,,10,6,4,0,7,5,2,0,4,2,2,0,6,4,2,0,0,0,0,0,10,6,4,0,0,0,0,0
2025,2231,Fort Hays State,ii,Mid America,,,11,6,5,0,9,5,4,0,5,2,3,0,6,4,2,0,0,0,0,0,11,6,5,0,0,0,0,0
2025,2205,Edinboro University,ii,Pennsylvania State Athletic,Western,,11,7,4,0,10,7,3,0,5,3,2,0,6,4,2,0,0,0,0,0,11,7,4,0,0,0,0,0
2025,2396,Miles College,ii,SIAC,,0.0027802586555480957,11,3,8,0,8,3,5,0,4,1,3,0,5,2,3,0,2,0,2,0,11,3,8,0,0,0,0,0
2025,2969,Misericordia,iii,Mid Atlantic,,,11,7,4,0,9,7,2,0,5,3,2,0,6,4,2,0,0,0,0,0,11,7,4,0,0,0,0,0
2025,2636,UTSA,fbs,American Athletic,,6.908204186707735,13,7,6,0,8,4,4,0,6,4,2,0,6,2,4,0,1,1,0,0,12,6,6,0,1,1,0,0
2025,103,Boston College,fbs,ACC,,4.589080009609461,12,2,10,0,8,1,7,0,7,1,6,0,5,1,4,0,0,0,0,0,12,2,10,0,0,0,0,0
2025,341,Frostburg State,ii,Mountain East,,,14,11,3,0,8,7,1,0,5,4,1,0,9,7,2,0,0,0,0,0,13,10,3,0,1,1,0,0
2025,17,Claremont-Mudd-Scripps College,iii,So. Cal.,,,10,5,5,0,8,3,5,0,4,2,2,0,5,2,3,0,1,1,0,0,10,5,5,0,0,0,0,0
2025,426,University of Mount Union,iii,Ohio,,,12,11,1,0,8,8,0,0,7,6,1,0,5,5,0,0,0,0,0,0,12,11,1,0,0,0,0,0
2025,2339,Lincoln (PA),ii,CIAA,Northern,0.008951425552368164,10,0,10,0,8,0,8,0,3,0,3,0,7,0,7,0,0,0,0,0,10,0,10,0,0,0,0,0
2025,258,Virginia,fbs,ACC,,8.728374960832298,14,11,3,0,8,7,1,0,7,6,1,0,5,4,1,0,2,1,1,0,13,10,3,0,1,1,0,0
2025,204,Oregon State,fbs,Pac-12,,4.057270593941212,12,2,10,0,2,1,1,0,7,2,5,0,5,0,5,0,0,0,0,0,12,2,10,0,0,0,0,0
2025,146,Grove City College,iii,Presidents',,,11,8,3,0,7,6,1,0,5,3,2,0,6,5,1,0,0,0,0,0,10,8,2,0,1,0,1,0
2025,2191,East Central (OK),ii,Great American,,,11,6,5,0,11,6,5,0,5,4,1,0,6,2,4,0,0,0,0,0,11,6,5,0,0,0,0,0
2025,2816,McKendree,ii,Great Lakes,,0.02113252878189087,11,4,6,0,8,4,3,0,5,2,2,0,6,2,4,0,0,0,0,0,11,4,6,0,0,0,0,0
2025,2681,Wagner,fcs,NEC,,4.484936222434044,12,5,7,0,7,4,3,0,6,3,3,0,6,2,4,0,0,0,0,0,12,5,7,0,0,0,0,0
2025,2074,Bluffton,iii,Heartland,,,10,5,5,0,6,3,3,0,5,2,3,0,5,3,2,0,0,0,0,0,10,5,5,0,0,0,0,0
2025,2876,Lincoln (MO),ii,Great Lakes,,,11,2,9,0,8,0,8,0,6,1,5,0,5,1,4,0,0,0,0,0,11,2,9,0,0,0,0,0
2025,112335,Wheeling,ii,Mountain East,,,11,6,5,0,8,5,3,0,5,2,3,0,6,4,2,0,0,0,0,0,11,6,5,0,0,0,0,0
2025,2938,Huntingdon College (AL),iii,USA South,,,10,6,4,0,7,5,2,0,5,3,2,0,5,3,2,0,0,0,0,0,10,6,4,0,0,0,0,0
2025,2502,Portland State,fcs,Big Sky,,0.6717481091618538,12,1,11,0,8,1,7,0,5,0,5,0,7,1,6,0,0,0,0,0,12,1,11,0,0,0,0,0
2025,18,Bridgewater State,iii,MSCAC,,,10,5,5,0,7,3,4,0,6,4,2,0,4,1,3,0,0,0,0,0,10,5,5,0,0,0,0,0
2025,121,Bates,iii,NESCAC,,,9,2,7,0,9,2,7,0,5,1,4,0,4,1,3,0,0,0,0,0,9,2,7,0,0,0,0,0
2025,2458,Northern Colorado,fcs,Big Sky,,5.107625480741262,12,4,8,0,8,2,6,0,5,2,3,0,7,2,5,0,0,0,0,0,12,4,8,0,0,0,0,0
2025,446,Martin Luther,iii,Upper Midwest,,,10,5,5,0,7,3,4,0,5,3,2,0,5,2,3,0,0,0,0,0,10,5,5,0,0,0,0,0
2025,2736,Winston-Salem,ii,CIAA,Southern,,10,4,6,0,8,3,5,0,4,2,2,0,5,2,3,0,1,0,1,0,10,4,6,0,0,0,0,0
2025,162,Hamline University,iii,Minnesota,,,11,1,9,0,10,0,9,0,5,1,4,0,6,0,5,0,0,0,0,0,11,1,9,0,0,0,0,0
2025,209,Lock Haven University,ii,Pennsylvania State Athletic,Eastern,,11,6,5,0,10,5,5,0,6,3,3,0,5,3,2,0,0,0,0,0,11,6,5,0,0,0,0,0
2025,302,UC Davis,fcs,Big Sky,,9.2870864123106,13,9,4,0,8,6,2,0,7,5,2,0,6,4,2,0,0,0,0,0,13,9,4,0,0,0,0,0
2025,278,Fresno State,fbs,Mountain West,,8.016719527542591,13,9,4,0,8,5,3,0,6,4,2,0,6,4,2,0,1,1,0,0,12,8,4,0,1,1,0,0
2025,328,Utah State,fbs,Mountain West,,6.1598476730287075,13,6,7,0,8,4,4,0,6,5,1,0,6,1,5,0,1,0,1,0,12,6,6,0,1,0,1,0
2025,2557,Coast Guard,iii,NEWMAC,,,10,7,3,0,7,5,2,0,4,4,0,0,5,3,2,0,1,0,1,0,10,7,3,0,0,0,0,0
2025,2398,Millsaps,iii,Southern Athletic,,,10,6,4,0,7,4,3,0,4,4,0,0,6,2,4,0,0,0,0,0,10,6,4,0,0,0,0,0
2025,202,Tulsa,fbs,American Athletic,,5.036803876049817,12,4,8,0,8,1,7,0,6,2,4,0,6,2,4,0,0,0,0,0,12,4,8,0,0,0,0,0
2025,2294,Iowa,fbs,Big Ten,,9.362913387827575,13,9,4,0,9,6,3,0,7,5,2,0,5,3,2,0,1,1,0,0,12,8,4,0,1,1,0,0
2025,2546,Southeast Missouri State,fcs,Big South-OVC,,4.724439350888133,12,4,8,0,8,3,5,0,6,3,3,0,6,1,5,0,0,0,0,0,12,4,8,0,0,0,0,0
2025,2623,Missouri State,fbs,Conference USA,,5.335586038418114,13,7,6,0,8,5,3,0,6,3,3,0,6,4,2,0,1,0,1,0,12,7,5,0,1,0,1,0
2025,41,UConn,fbs,FBS Independents,,9.19361563026905,13,9,4,0,0,0,0,0,6,6,0,0,6,3,3,0,1,0,1,0,12,9,3,0,1,0,1,0
2025,58,South Florida,fbs,American Athletic,,9.073491495335475,13,9,4,0,8,6,2,0,6,6,0,0,6,3,3,0,1,0,1,0,12,9,3,0,1,0,1,0
2025,268,Lawrence University,iii,Midwest,,,10,0,9,1,9,0,8,1,5,0,4,1,5,0,5,0,0,0,0,0,10,0,9,1,0,0,0,0
2025,2292,Indianapolis,ii,Great Lakes,,,13,11,2,0,8,8,0,0,7,6,1,0,5,4,1,0,1,1,0,0,12,10,2,0,1,1,0,0
2025,2152,Concordia Moorhead,iii,Minnesota,,,10,7,3,0,9,6,3,0,5,3,2,0,5,4,1,0,0,0,0,0,10,7,3,0,0,0,0,0
2025,50,Florida A&M,fcs,SWAC,East,3.424968662671745,12,5,7,0,8,4,4,0,5,2,3,0,5,3,2,0,2,0,2,0,12,5,7,0,0,0,0,0
2025,2101,Carleton,iii,Minnesota,,,10,6,4,0,9,6,3,0,5,4,1,0,5,2,3,0,0,0,0,0,10,6,4,0,0,0,0,0
2025,2010,Alabama A&M,fcs,SWAC,East,2.943329421803355,12,4,8,0,9,2,7,0,5,3,2,0,5,1,4,0,2,0,2,0,12,4,8,0,0,0,0,0
2025,2257,Greenville,iii,Upper Midwest,,,10,4,5,1,7,3,4,0,5,2,2,1,5,2,3,0,0,0,0,0,10,4,5,1,0,0,0,0
2025,108,Harvard,fcs,Ivy,,8.469054788351059,11,9,2,0,7,6,1,0,5,5,0,0,6,4,2,0,0,0,0,0,11,9,2,0,0,0,0,0
2025,90,Pittsburg St,ii,Mid America,,,13,10,3,0,9,8,1,0,6,6,0,0,6,3,3,0,1,1,0,0,12,9,3,0,1,1,0,0
2025,2704,West Texas A&M,ii,Lone Star,,,12,8,4,0,9,7,2,0,6,5,1,0,5,2,3,0,1,1,0,0,12,8,4,0,0,0,0,0
2025,2354,Lycoming,iii,Landmark Conference,,,11,5,6,0,5,4,1,0,5,2,3,0,4,3,1,0,2,0,2,0,11,5,6,0,0,0,0,0
2025,133,St. Olaf,iii,Minnesota,,,10,4,6,0,9,3,6,0,5,4,1,0,5,0,5,0,0,0,0,0,10,4,6,0,0,0,0,0
2025,2018,Allegheny,iii,Presidents',,,10,4,6,0,7,3,4,0,5,2,3,0,5,2,3,0,0,0,0,0,10,4,6,0,0,0,0,0
2025,2900,St. Thomas (MN),fcs,Pioneer,,8.010148279834539,12,7,5,0,8,5,3,0,5,3,2,0,7,4,3,0,0,0,0,0,12,7,5,0,0,0,0,0
2025,2,Auburn,fbs,SEC,,6.594944655895233,12,5,7,0,8,1,7,0,7,3,4,0,5,2,3,0,0,0,0,0,12,5,7,0,0,0,0,0
2025,15,Anna Maria College,iii,MSCAC,,,10,7,3,0,1,1,0,0,4,3,1,0,6,4,2,0,0,0,0,0,10,7,3,0,0,0,0,0
2025,3110,SUNY Morrisville,iii,Empire 8,,,10,0,10,0,6,0,6,0,4,0,4,0,6,0,6,0,0,0,0,0,10,0,10,0,0,0,0,0
2025,134,Minnesota Duluth,ii,Northern Sun,,,12,10,2,0,10,9,1,0,5,5,0,0,6,4,2,0,1,1,0,0,11,10,1,0,1,0,1,0
2025,319,Oklahoma Baptist,ii,Great American,,,11,2,9,0,11,2,9,0,5,2,3,0,6,0,6,0,0,0,0,0,11,2,9,0,0,0,0,0
2025,509,Crown College,iii,Upper Midwest,,,11,7,4,0,8,7,1,0,5,4,1,0,6,3,3,0,0,0,0,0,10,7,3,0,1,0,1,0
2025,568,Minot State,ii,Northern Sun,,,11,3,8,0,9,2,7,0,5,2,3,0,6,1,5,0,0,0,0,0,11,3,8,0,0,0,0,0
2025,2692,Weber State,fcs,Big Sky,,4.301372546702623,12,4,8,0,8,2,6,0,5,2,3,0,7,2,5,0,0,0,0,0,12,4,8,0,0,0,0,0
2025,2026,App State,fbs,Sun Belt,East,5.310044386424124,13,5,8,0,8,2,6,0,6,3,3,0,5,1,4,0,2,1,1,0,12,5,7,0,1,0,1,0
2025,2516,Randolph-Macon,iii,Old Dominion,,,11,9,2,0,6,6,0,0,5,5,0,0,5,3,2,0,1,1,0,0,10,9,1,0,1,0,1,0
2025,2828,Shenandoah,iii,Old Dominion,,,11,8,3,0,6,4,2,0,5,5,0,0,4,2,2,0,2,1,1,0,11,8,3,0,0,0,0,0
2025,559,University of Mary,ii,Northern Sun,,,11,4,7,0,9,2,7,0,6,2,4,0,4,1,3,0,1,1,0,0,11,4,7,0,0,0,0,0
2025,2699,West Liberty,ii,Mountain East,,0.020496904850006104,11,3,8,0,8,3,5,0,5,2,3,0,6,1,5,0,0,0,0,0,11,3,8,0,0,0,0,0
2025,2429,Charlotte,fbs,American Athletic,,1.4976336434483528,12,1,11,0,8,0,8,0,6,1,5,0,5,0,5,0,1,0,1,0,12,1,11,0,0,0,0,0
2025,2214,Emporia State University,ii,Mid America,,,11,5,6,0,9,4,5,0,5,2,3,0,6,3,3,0,0,0,0,0,11,5,6,0,0,0,0,0
2025,142,Missouri,fbs,SEC,,9.169654075056314,13,8,5,0,8,4,4,0,8,6,2,0,4,2,2,0,1,0,1,0,12,8,4,0,1,0,1,0
2025,277,West Virginia,fbs,Big 12,,4.811936551705003,12,4,8,0,9,2,7,0,6,3,3,0,6,1,5,0,0,0,0,0,12,4,8,0,0,0,0,0
2025,332,Muskingum University,iii,Ohio,,,10,4,6,0,8,4,4,0,6,1,5,0,4,3,1,0,0,0,0,0,10,4,6,0,0,0,0,0
2025,2146,Colorado School Of Mines,ii,Rocky Mountain,,,11,7,4,0,9,5,4,0,6,3,3,0,5,4,1,0,0,0,0,0,11,7,4,0,0,0,0,0
2025,2651,Trine University,iii,Michigan,,,10,5,5,0,7,3,4,0,5,3,2,0,5,2,3,0,0,0,0,0,10,5,5,0,0,0,0,0
2025,239,Baylor,fbs,Big 12,,5.432608102448285,12,5,7,0,9,3,6,0,7,3,4,0,5,2,3,0,0,0,0,0,12,5,7,0,0,0,0,0
2025,2110,Central Arkansas,fcs,UAC,,3.5451086657121778,12,3,9,0,8,2,6,0,5,2,3,0,7,1,6,0,0,0,0,0,12,3,9,0,0,0,0,0
2025,194,Ohio State,fbs,Big Ten,,12.003681723028421,14,12,2,0,9,9,0,0,7,7,0,0,5,5,0,0,2,0,2,0,13,12,1,0,1,0,1,0
2025,175,Ithaca College,iii,Liberty League,,,10,8,2,0,6,5,1,0,5,3,2,0,5,5,0,0,0,0,0,0,10,8,2,0,0,0,0,0
2025,2644,Thiel,iii,Presidents',,,10,1,9,0,7,0,7,0,5,0,5,0,5,1,4,0,0,0,0,0,10,1,9,0,0,0,0,0
2025,264,Washington,fbs,Big Ten,,8.66034949105233,13,9,4,0,9,5,4,0,7,5,2,0,5,3,2,0,1,1,0,0,12,8,4,0,1,1,0,0
2025,129738,Calvin University,iii,Michigan,,,10,7,3,0,7,4,3,0,5,4,1,0,5,3,2,0,0,0,0,0,10,7,3,0,0,0,0,0
2025,2588,Southwestern University,iii,Southern Athletic,,,10,4,6,0,6,2,4,0,5,2,3,0,5,2,3,0,0,0,0,0,10,4,6,0,0,0,0,0
2025,127,Michigan State,fbs,Big Ten,,4.456157077103853,12,4,8,0,9,1,8,0,6,3,3,0,5,0,5,0,1,1,0,0,12,4,8,0,0,0,0,0
2025,2120,Central Washington,ii,Lone Star,,,12,10,2,0,9,9,0,0,6,5,1,0,6,5,1,0,0,0,0,0,11,10,1,0,1,0,1,0
2025,2771,Merrimack,fcs,FCS Independents,,3.4417151659727097,12,4,8,0,1,0,1,0,5,4,1,0,7,0,7,0,0,0,0,0,12,4,8,0,0,0,0,0
2025,189,Bowling Green,fbs,Mid-American,,4.819279373623431,12,4,8,0,8,2,6,0,6,3,3,0,6,1,5,0,0,0,0,0,12,4,8,0,0,0,0,0
2025,2439,UNLV,fbs,Mountain West,,8.993300084024668,14,10,4,0,8,6,2,0,6,5,1,0,6,4,2,0,2,1,1,0,13,10,3,0,1,0,1,0
2025,452,Endicott College,iii,Commonwealth Coast,,,11,9,2,0,5,5,0,0,7,6,1,0,3,2,1,0,1,1,0,0,10,9,1,0,1,0,1,0
2025,2628,TCU,fbs,Big 12,,8.130669541656971,13,9,4,0,9,5,4,0,6,5,1,0,6,3,3,0,1,1,0,0,12,8,4,0,1,1,0,0
2025,2483,Oregon,fbs,Big Ten,,12.73398682102561,15,13,2,0,9,8,1,0,8,7,1,0,5,5,0,0,2,1,1,0,12,11,1,0,3,2,1,0
2025,99,LSU,fbs,SEC,,6.409515708684921,13,7,6,0,8,3,5,0,7,6,1,0,5,1,4,0,1,0,1,0,12,7,5,0,1,0,1,0
2025,2700,McDaniel College,iii,Centennial,,,10,1,9,0,6,0,6,0,5,1,4,0,5,0,5,0,0,0,0,0,10,1,9,0,0,0,0,0
2025,613,South Dakota Mines,ii,Rocky Mountain,,,11,3,8,0,9,3,6,0,6,2,4,0,5,1,4,0,0,0,0,0,11,3,8,0,0,0,0,0
2025,113,Massachusetts,fbs,Mid-American,,1.5976020053494722,12,0,12,0,8,0,8,0,6,0,6,0,6,0,6,0,0,0,0,0,12,0,12,0,0,0,0,0
2025,2911,William Jewell,ii,Great Lakes,,,11,3,8,0,8,1,7,0,6,2,4,0,5,1,4,0,0,0,0,0,11,3,8,0,0,0,0,0
2025,2886,Northwood (MI),ii,Great Midwest Athletic,,,12,9,3,0,9,7,2,0,6,4,2,0,6,5,1,0,0,0,0,0,11,9,2,0,1,0,1,0
2025,2923,Pomona Pitzer,iii,So. Cal.,,,10,5,5,0,8,4,4,0,5,2,3,0,5,3,2,0,0,0,0,0,10,5,5,0,0,0,0,0
2025,2888,Ouachita Baptist,ii,Great American,,,11,7,4,0,11,7,4,0,6,4,2,0,5,3,2,0,0,0,0,0,11,7,4,0,0,0,0,0
2025,2940,Livingstone,ii,CIAA,Southern,,10,5,5,0,7,3,4,0,4,4,0,0,6,1,5,0,0,0,0,0,10,5,5,0,0,0,0,0
2025,251,Texas,fbs,SEC,,8.841586843132973,13,10,3,0,8,6,2,0,6,6,0,0,5,2,3,0,2,2,0,0,12,9,3,0,1,1,0,0
2025,84,Indiana,fbs,Big Ten,,12.897003024816513,16,16,0,0,9,9,0,0,7,7,0,0,5,5,0,0,4,4,0,0,13,13,0,0,3,3,0,0
2025,263,Loras College,iii,American Rivers,,,10,3,7,0,8,3,5,0,5,1,4,0,5,2,3,0,0,0,0,0,10,3,7,0,0,0,0,0
2025,2755,Grambling,fcs,SWAC,West,5.372520297765732,12,7,5,0,8,4,4,0,5,4,1,0,3,1,2,0,4,2,2,0,12,7,5,0,0,0,0,0
2025,2399,Minnesota Morris,iii,Upper Midwest,,,10,3,7,0,8,3,5,0,4,2,2,0,6,1,5,0,0,0,0,0,10,3,7,0,0,0,0,0
2025,2600,Saint John's (MN),iii,Minnesota,,,12,10,2,0,9,8,1,0,7,7,0,0,5,3,2,0,0,0,0,0,11,9,2,0,1,1,0,0
2025,2105,Carson-Newman College,ii,South Atlantic,,,10,7,3,0,9,6,3,0,5,5,0,0,5,2,3,0,0,0,0,0,10,7,3,0,0,0,0,0
2025,2721,Whitworth,iii,Northwest,,,11,8,3,0,7,7,0,0,6,4,2,0,4,4,0,0,1,0,1,0,10,8,2,0,1,0,1,0
2025,340,Bowdoin,iii,NESCAC,,,9,2,7,0,9,2,7,0,5,1,4,0,4,1,3,0,0,0,0,0,9,2,7,0,0,0,0,0
2025,2845,Waynesburg,iii,Presidents',,,10,4,6,0,7,3,4,0,5,2,3,0,5,2,3,0,0,0,0,0,10,4,6,0,0,0,0,0
2025,110243,UT Permian Basin,ii,Lone Star,,,14,11,3,0,9,7,2,0,7,6,1,0,7,5,2,0,0,0,0,0,13,10,3,0,1,1,0,0
2025,2283,Benedictine University,iii,NACC,,,10,7,3,0,8,5,3,0,6,5,1,0,4,2,2,0,0,0,0,0,10,7,3,0,0,0,0,0
2025,26,UCLA,fbs,Big Ten,,3.232189977541566,12,3,9,0,9,3,6,0,6,2,4,0,6,1,5,0,0,0,0,0,12,3,9,0,0,0,0,0
2025,195,Ohio,fbs,Mid-American,,8.55351047217846,13,9,4,0,8,6,2,0,6,6,0,0,6,2,4,0,1,1,0,0,12,8,4,0,1,1,0,0
2025,2930,Willamette,iii,Northwest,,,10,1,9,0,8,0,8,0,5,0,5,0,5,1,4,0,0,0,0,0,10,1,9,0,0,0,0,0
2025,2023,Anderson (IN),iii,Heartland,,,10,2,8,0,6,1,5,0,4,1,3,0,6,1,5,0,0,0,0,0,10,2,8,0,0,0,0,0
2025,246,Juniata College,iii,Landmark Conference,,,10,2,8,0,5,0,5,0,5,1,4,0,5,1,4,0,0,0,0,0,10,2,8,0,0,0,0,0
2025,2306,Kansas State,fbs,Big 12,,7.607079938054085,12,6,6,0,9,5,4,0,6,4,2,0,5,2,3,0,1,0,1,0,12,6,6,0,0,0,0,0
2025,49,Dubuque,iii,American Rivers,,,10,4,6,0,8,4,4,0,5,3,2,0,5,1,4,0,0,0,0,0,10,4,6,0,0,0,0,0
2025,129469,Anderson (Sc),ii,South Atlantic,,,11,5,6,0,9,3,6,0,6,3,3,0,5,2,3,0,0,0,0,0,11,5,6,0,0,0,0,0
2025,2758,Howard Payne,iii,American Southwest,,,10,4,6,0,6,2,4,0,5,2,3,0,5,2,3,0,0,0,0,0,10,4,6,0,0,0,0,0
2025,425,Northern State,ii,Northern Sun,,,11,7,4,0,10,6,4,0,6,5,1,0,4,1,3,0,1,1,0,0,11,7,4,0,0,0,0,0
2025,2731,Williams,iii,NESCAC,,,9,5,4,0,9,5,4,0,4,2,2,0,5,3,2,0,0,0,0,0,9,5,4,0,0,0,0,0
2025,409,Concordia-Wisconsin,iii,NACC,,,11,9,2,0,8,8,0,0,5,4,1,0,6,5,1,0,0,0,0,0,10,9,1,0,1,0,1,0
2025,2711,Western Michigan,fbs,Mid-American,,9.063564711483195,14,10,4,0,8,7,1,0,6,5,1,0,6,3,3,0,2,2,0,0,13,9,4,0,1,1,0,0
2025,253,Southern Utah,fcs,UAC,,6.991644956171513,12,7,5,0,8,6,2,0,6,4,2,0,6,3,3,0,0,0,0,0,12,7,5,0,0,0,0,0
2025,388,Lebanon Valley,iii,Mid Atlantic,,,11,6,5,0,9,6,3,0,6,3,3,0,5,3,2,0,0,0,0,0,11,6,5,0,0,0,0,0
2025,149,Montana,fcs,Big Sky,,10.825028182938695,15,13,2,0,8,7,1,0,10,9,1,0,5,4,1,0,0,0,0,0,14,13,1,0,1,0,1,0
2025,2646,Thomas More College,ii,Great Midwest Athletic,,0.016703486442565918,11,1,10,0,9,1,8,0,4,0,4,0,7,1,6,0,0,0,0,0,11,1,10,0,0,0,0,0
2025,2296,Jackson State,fcs,SWAC,East,9.367845997214317,12,9,3,0,8,7,1,0,5,4,1,0,5,4,1,0,2,1,1,0,12,9,3,0,0,0,0,0
2025,137,Missouri Western,ii,Mid America,,,11,3,8,0,9,2,7,0,6,2,4,0,5,1,4,0,0,0,0,0,11,3,8,0,0,0,0,0
2025,74,Millikin,iii,CCIW,,,10,3,7,0,9,2,7,0,5,2,3,0,5,1,4,0,0,0,0,0,10,3,7,0,0,0,0,0
2025,33,Colby College,iii,NESCAC,,,9,6,3,0,9,6,3,0,4,2,2,0,5,4,1,0,0,0,0,0,9,6,3,0,0,0,0,0
2025,2818,Montclair State,iii,New Jersey,,,10,5,5,0,6,3,3,0,4,1,3,0,5,3,2,0,1,1,0,0,10,5,5,0,0,0,0,0
2025,205,Pacific (OR),iii,Northwest,,,10,3,7,0,8,3,5,0,4,1,3,0,6,2,4,0,0,0,0,0,10,3,7,0,0,0,0,0
2025,2891,Ripon,iii,Midwest,,,10,5,5,0,9,5,4,0,5,2,3,0,5,3,2,0,0,0,0,0,10,5,5,0,0,0,0,0
2025,2805,Clark Atlanta,ii,SIAC,,,10,3,7,0,8,2,6,0,5,3,2,0,4,0,4,0,1,0,1,0,10,3,7,0,0,0,0,0
2025,2019,Allen,ii,SIAC,,0.1840994954109192,11,6,5,0,8,5,3,0,6,4,2,0,5,2,3,0,0,0,0,0,11,6,5,0,0,0,0,0
2025,2848,Western Oregon,ii,Lone Star,,0.01084887981414795,11,8,3,0,9,7,2,0,6,5,1,0,5,3,2,0,0,0,0,0,11,8,3,0,0,0,0,0
2025,101442,CENTENARY,iii,Southern Collegiate Athletic,,,9,1,8,0,6,1,5,0,4,0,4,0,4,1,3,0,1,0,1,0,9,1,8,0,0,0,0,0
2025,2702,Western New England,iii,Commonwealth Coast,,,10,6,4,0,5,2,3,0,5,5,0,0,5,1,4,0,0,0,0,0,10,6,4,0,0,0,0,0
2025,317,Marietta,iii,Ohio,,,10,5,5,0,8,3,5,0,5,2,3,0,5,3,2,0,0,0,0,0,10,5,5,0,0,0,0,0
2025,2688,Washington and Lee,iii,Old Dominion,,,11,7,4,0,6,4,2,0,5,4,1,0,5,2,3,0,1,1,0,0,11,7,4,0,0,0,0,0
2025,227,Rhode Island,fcs,CAA,,10.010007744655013,14,11,3,0,8,8,0,0,6,6,0,0,8,5,3,0,0,0,0,0,14,11,3,0,0,0,0,0
2025,2226,Florida Atlantic,fbs,American Athletic,,4.261233365978114,12,4,8,0,8,3,5,0,6,3,3,0,6,1,5,0,0,0,0,0,12,4,8,0,0,0,0,0
2025,2123,Chadron St,ii,Rocky Mountain,,0.3212336301803589,12,8,4,0,9,8,1,0,4,4,0,0,8,4,4,0,0,0,0,0,11,8,3,0,1,0,1,0
2025,3112,Christopher Newport,iii,New Jersey,,,11,10,1,0,6,6,0,0,6,5,1,0,5,5,0,0,0,0,0,0,11,10,1,0,0,0,0,0
2025,2056,Belhaven,iii,USA South,,,10,6,4,0,7,5,2,0,6,4,2,0,4,2,2,0,0,0,0,0,10,6,4,0,0,0,0,0
2025,172,Cornell,fcs,Ivy,,4.702184573281556,10,4,6,0,7,3,4,0,5,3,2,0,5,1,4,0,0,0,0,0,10,4,6,0,0,0,0,0
2025,291,Methodist,iii,USA South,,,10,1,9,0,7,0,7,0,5,1,4,0,5,0,5,0,0,0,0,0,10,1,9,0,0,0,0,0
2025,2564,Simpson College (IA),iii,American Rivers,,,10,6,4,0,8,5,3,0,5,1,4,0,5,5,0,0,0,0,0,0,10,6,4,0,0,0,0,0
2025,2044,Aurora,iii,NACC,,,11,8,3,0,8,6,2,0,5,2,3,0,5,5,0,0,1,1,0,0,11,8,3,0,0,0,0,0
2025,3162,Alfred State,iii,Empire 8,,,10,5,5,0,0,0,0,0,5,4,1,0,5,1,4,0,0,0,0,0,10,5,5,0,0,0,0,0
2025,295,Old Dominion,fbs,Sun Belt,East,9.778332027606666,13,10,3,0,8,6,2,0,6,6,0,0,6,3,3,0,1,1,0,0,12,9,3,0,1,1,0,0
2025,199,Southeastern Oklahoma State,ii,Great American,,,11,5,6,0,11,5,6,0,6,3,3,0,5,2,3,0,0,0,0,0,11,5,6,0,0,0,0,0
2025,351,Wingate,ii,South Atlantic,,,12,9,3,0,9,7,2,0,7,5,2,0,5,4,1,0,0,0,0,0,11,9,2,0,1,0,1,0
2025,2909,Westfield State,iii,MSCAC,,,10,3,7,0,8,2,6,0,5,1,4,0,5,2,3,0,0,0,0,0,10,3,7,0,0,0,0,0
2025,124179,Lincoln (CA),ii,Independent DII,,0.02222520112991333,11,0,8,3,1,0,1,0,0,0,0,0,11,0,8,3,0,0,0,0,11,0,8,3,0,0,0,0
2025,153,North Carolina,fbs,ACC,,5.077797766774893,12,4,8,0,8,2,6,0,6,2,4,0,6,2,4,0,0,0,0,0,12,4,8,0,0,0,0,0
2025,356,Illinois,fbs,Big Ten,,7.779355075210333,13,9,4,0,9,5,4,0,7,6,1,0,5,2,3,0,1,1,0,0,12,8,4,0,1,1,0,0
2025,72,Elmhurst,iii,CCIW,,,10,1,9,0,9,0,9,0,5,1,4,0,5,0,5,0,0,0,0,0,10,1,9,0,0,0,0,0
2025,396,Wheaton,iii,CCIW,,,14,11,3,0,9,8,1,0,6,5,1,0,8,6,2,0,0,0,0,0,13,10,3,0,1,1,0,0
2025,490,Benedict College,ii,SIAC,,,13,10,3,0,10,7,3,0,6,5,1,0,7,5,2,0,0,0,0,0,12,9,3,0,1,1,0,0
2025,2118,Central Missouri,ii,Mid America,,,11,5,6,0,9,5,4,0,5,1,4,0,6,4,2,0,0,0,0,0,11,5,6,0,0,0,0,0
2025,276,Marshall,fbs,Sun Belt,East,7.878249095752835,12,5,7,0,8,3,5,0,6,3,3,0,6,2,4,0,0,0,0,0,12,5,7,0,0,0,0,0
2025,2199,Eastern Michigan,fbs,Mid-American,,4.180145688354969,12,4,8,0,8,3,5,0,6,3,3,0,6,1,5,0,0,0,0,0,12,4,8,0,0,0,0,0
2025,2882,UNC Pembroke,ii,Carolinas,,,11,8,3,0,1,0,1,0,5,5,0,0,6,3,3,0,0,0,0,0,11,8,3,0,0,0,0,0
2025,2069,Black Hills State,ii,Rocky Mountain,,,11,3,8,0,9,3,6,0,6,1,5,0,5,2,3,0,0,0,0,0,11,3,8,0,0,0,0,0
2025,2630,UT Martin,fcs,Big South-OVC,,5.791643618606031,12,6,6,0,8,6,2,0,5,4,1,0,7,2,5,0,0,0,0,0,12,6,6,0,0,0,0,0
2025,2373,Maryville College (TN),iii,USA South,,,10,7,3,0,0,0,0,0,4,3,1,0,6,4,2,0,0,0,0,0,10,7,3,0,0,0,0,0
2025,2022,American International,ii,Northeast 10,,0.002171814441680908,10,2,8,0,9,2,7,0,4,2,2,0,6,0,6,0,0,0,0,0,10,2,8,0,0,0,0,0
2025,402,Worcester St,iii,MSCAC,,,10,3,7,0,7,2,5,0,5,2,3,0,5,1,4,0,0,0,0,0,10,3,7,0,0,0,0,0
2025,2703,Western New Mexico,ii,Lone Star,,,11,2,9,0,9,1,8,0,6,2,4,0,5,0,5,0,0,0,0,0,11,2,9,0,0,0,0,0
2025,2459,Northern Illinois,fbs,Mid-American,,4.604845409281552,12,3,9,0,8,2,6,0,6,2,4,0,6,1,5,0,0,0,0,0,12,3,9,0,0,0,0,0
2025,2598,St. Francis (PA),fcs,NEC,,2.8361982479691505,11,0,11,0,7,0,7,0,5,0,5,0,6,0,6,0,0,0,0,0,11,0,11,0,0,0,0,0
2025,70,Idaho,fcs,Big Sky,,5.024806819856167,12,4,8,0,8,2,6,0,6,3,3,0,6,1,5,0,0,0,0,0,12,4,8,0,0,0,0,0
2025,38,Colorado,fbs,Big 12,,3.8596997587010264,12,3,9,0,9,1,8,0,7,3,4,0,5,0,5,0,0,0,0,0,12,3,9,0,0,0,0,0
2025,2545,SE Louisiana,fcs,Southland,,8.645486406981945,13,9,4,0,7,6,1,0,6,5,1,0,7,4,3,0,0,0,0,0,13,9,4,0,0,0,0,0
2025,2980,Ohio Wesleyan,iii,North Coast,,,10,3,7,0,7,2,5,0,5,1,4,0,5,2,3,0,0,0,0,0,10,3,7,0,0,0,0,0
2025,2309,Kent State,fbs,Mid-American,,4.077412120997906,12,5,7,0,8,4,4,0,5,3,2,0,7,2,5,0,0,0,0,0,12,5,7,0,0,0,0,0
2025,2776,Salve Regina,iii,NEWMAC,,,10,6,4,0,7,3,4,0,5,3,2,0,5,3,2,0,0,0,0,0,10,6,4,0,0,0,0,0
2025,2725,Widener,iii,Mid Atlantic,,,10,4,6,0,9,3,6,0,6,3,3,0,4,1,3,0,0,0,0,0,10,4,6,0,0,0,0,0
2025,110438,Dean College,iii,MSCAC,,,10,0,10,0,1,0,1,0,4,0,4,0,6,0,6,0,0,0,0,0,10,0,10,0,0,0,0,0
2025,2016,Alcorn State,fcs,SWAC,West,6.529473297297955,12,5,7,0,9,4,5,0,6,4,2,0,5,1,4,0,1,0,1,0,12,5,7,0,0,0,0,0
2025,2142,Colgate,fcs,Patriot,,4.113385735545307,12,5,7,0,6,3,3,0,6,3,3,0,6,2,4,0,0,0,0,0,12,5,7,0,0,0,0,0
2025,2449,North Dakota State,fcs,MVFC,,12.210887632332742,13,12,1,0,8,8,0,0,7,6,1,0,6,6,0,0,0,0,0,0,13,12,1,0,0,0,0,0
2025,2746,Wittenberg,iii,North Coast,,,10,4,6,0,7,3,4,0,6,2,4,0,4,2,2,0,0,0,0,0,10,4,6,0,0,0,0,0
2025,77,Northwestern,fbs,Big Ten,,5.938928607851267,13,7,6,0,9,4,5,0,5,4,1,0,5,1,4,0,3,2,1,0,12,6,6,0,1,1,0,0
2025,152,NC State,fbs,ACC,,7.596103310585022,13,8,5,0,8,4,4,0,7,6,1,0,5,1,4,0,1,1,0,0,12,7,5,0,1,1,0,0
2025,145,Ole Miss,fbs,SEC,,11.829344287514687,15,13,2,0,8,7,1,0,9,9,0,0,4,3,1,0,2,1,1,0,12,11,1,0,3,2,1,0
2025,611,Seton Hill,ii,Pennsylvania State Athletic,Western,,11,4,7,0,9,3,6,0,6,2,4,0,5,2,3,0,0,0,0,0,11,4,7,0,0,0,0,0
2025,86,Rose-Hulman,iii,Heartland,,,10,3,7,0,6,3,3,0,5,1,4,0,5,2,3,0,0,0,0,0,10,3,7,0,0,0,0,0
2025,2335,Liberty,fbs,Conference USA,,5.296267895027995,12,4,8,0,8,3,5,0,6,3,3,0,6,1,5,0,0,0,0,0,12,4,8,0,0,0,0,0
2025,330,Virginia St,ii,CIAA,Northern,0.012526094913482666,10,6,4,0,8,5,3,0,4,3,1,0,6,3,3,0,0,0,0,0,10,6,4,0,0,0,0,0
2025,2834,Sul Ross State,ii,Lone Star,,0.018074214458465576,11,0,11,0,9,0,9,0,4,0,4,0,7,0,7,0,0,0,0,0,11,0,11,0,0,0,0,0
2025,60,Morehouse College,ii,SIAC,,0.009983301162719727,10,3,7,0,8,3,5,0,3,1,2,0,4,1,3,0,3,1,2,0,10,3,7,0,0,0,0,0
2025,2083,Bucknell,fcs,Patriot,,4.885846987366676,12,5,7,0,6,1,5,0,6,3,3,0,6,2,4,0,0,0,0,0,12,5,7,0,0,0,0,0
2025,2974,Shepherd,ii,Pennsylvania State Athletic,Eastern,,11,7,4,0,10,7,3,0,5,4,1,0,6,3,3,0,0,0,0,0,11,7,4,0,0,0,0,0
2025,160,New Hampshire,fcs,CAA,,6.967988680116832,13,8,5,0,8,6,2,0,5,4,1,0,8,4,4,0,0,0,0,0,13,8,5,0,0,0,0,0
2025,2274,Hiram College,iii,Presidents',,,10,3,7,0,1,1,0,0,5,1,4,0,5,2,3,0,0,0,0,0,10,3,7,0,0,0,0,0
2025,2643,The Citadel,fcs,Southern,,3.285740479826927,12,4,8,0,8,3,5,0,6,2,4,0,6,2,4,0,0,0,0,0,12,4,8,0,0,0,0,0
2025,213,Penn State,fbs,Big Ten,,9.183892115019262,13,7,6,0,9,3,6,0,7,4,3,0,5,2,3,0,1,1,0,0,12,6,6,0,1,1,0,0
2025,2913,Brevard College,iii,USA South,,,10,6,4,0,7,4,3,0,5,3,2,0,5,3,2,0,0,0,0,0,10,6,4,0,0,0,0,0
2025,109,MIT,iii,NEWMAC,,,9,6,3,0,7,4,3,0,5,4,1,0,3,1,2,0,1,1,0,0,9,6,3,0,0,0,0,0
2025,2444,Newberry,ii,South Atlantic,,,14,12,2,0,9,8,1,0,7,6,1,0,7,6,1,0,0,0,0,0,13,11,2,0,1,1,0,0
2025,2029,Arkansas-Pine Bluff,fcs,SWAC,West,3.3337875604629517,11,3,8,0,8,2,6,0,4,2,2,0,6,0,6,0,1,1,0,0,11,3,8,0,0,0,0,0
2025,2849,Westminster (PA),iii,Presidents',,,11,8,3,0,7,5,2,0,5,4,1,0,5,3,2,0,1,1,0,0,11,8,3,0,0,0,0,0
2025,390,Utica,iii,Empire 8,,,11,8,3,0,6,5,1,0,6,5,1,0,5,3,2,0,0,0,0,0,11,8,3,0,0,0,0,0
2025,2970,William Paterson,iii,New Jersey,,,10,2,8,0,6,0,6,0,5,1,4,0,5,1,4,0,0,0,0,0,10,2,8,0,0,0,0,0
2025,2729,William & Mary,fcs,CAA,,4.916631722357124,12,7,5,0,9,6,3,0,6,5,1,0,6,2,4,0,0,0,0,0,12,7,5,0,0,0,0,0
2025,2315,Kutztown University,ii,Pennsylvania State Athletic,Eastern,,15,14,1,0,10,10,0,0,10,9,1,0,5,5,0,0,0,0,0,0,14,13,1,0,1,1,0,0
2025,2181,Drake,fcs,Pioneer,,7.148179964628071,12,8,4,0,8,7,1,0,5,4,1,0,7,4,3,0,0,0,0,0,12,8,4,0,0,0,0,0
2025,2013,Albany State GA,ii,SIAC,,,14,12,2,0,10,10,0,0,8,7,1,0,5,4,1,0,1,1,0,0,13,11,2,0,1,1,0,0
2025,2747,Wofford,fcs,Southern,,6.5388178601861,12,6,6,0,8,5,3,0,6,4,2,0,6,2,4,0,0,0,0,0,12,6,6,0,0,0,0,0
2025,97,Louisville,fbs,ACC,,9.430050792638212,13,9,4,0,8,4,4,0,8,5,3,0,4,3,1,0,1,1,0,0,12,8,4,0,1,1,0,0
2025,242,Rice,fbs,American Athletic,,5.102714262902737,13,5,8,0,8,2,6,0,7,3,4,0,5,2,3,0,1,0,1,0,12,5,7,0,1,0,1,0
2025,67,Luther,iii,American Rivers,,,10,0,10,0,8,0,8,0,5,0,5,0,5,0,5,0,0,0,0,0,10,0,10,0,0,0,0,0
2025,2402,Missouri S&T,ii,Great Lakes,,,11,5,5,0,8,3,4,0,5,2,3,0,6,3,2,0,0,0,0,0,11,5,5,0,0,0,0,0
2025,2579,South Carolina,fbs,SEC,,4.077739275991917,12,4,8,0,8,1,7,0,7,3,4,0,4,0,4,0,1,1,0,0,12,4,8,0,0,0,0,0
2025,2749,Worcester Polytechnic Institute,iii,NEWMAC,,,10,2,8,0,7,1,6,0,5,0,5,0,5,2,3,0,0,0,0,0,10,2,8,0,0,0,0,0
2025,2230,Fordham,fcs,Patriot,,2.76325311511755,12,1,11,0,6,1,5,0,5,1,4,0,7,0,7,0,0,0,0,0,12,1,11,0,0,0,0,0
2025,101784,ERSKINE,ii,Carolinas,,0.0,11,1,10,0,4,1,3,0,3,0,3,0,8,1,7,0,0,0,0,0,11,1,10,0,0,0,0,0
2025,2025,Angelo State,ii,Lone Star,,,11,6,5,0,9,4,5,0,5,3,2,0,6,3,3,0,0,0,0,0,11,6,5,0,0,0,0,0
2025,2242,Geneva,iii,Presidents',,,11,6,5,0,8,6,2,0,5,2,3,0,6,4,2,0,0,0,0,0,11,6,5,0,0,0,0,0
2025,292,UT Rio Grande Valley,fcs,Southland,,8.015657879412174,12,9,3,0,0,0,0,0,7,7,0,0,5,2,3,0,0,0,0,0,12,9,3,0,0,0,0,0
2025,2717,Western Carolina,fcs,Southern,,7.176745203323662,12,7,5,0,8,6,2,0,6,2,4,0,6,5,1,0,0,0,0,0,12,7,5,0,0,0,0,0
2025,2639,Texas Lutheran,iii,Southern Collegiate Athletic,,,10,6,4,0,5,4,1,0,4,1,3,0,5,5,0,0,1,0,1,0,10,6,4,0,0,0,0,0
2025,386,Trinity University TX,iii,Southern Athletic,,,12,10,2,0,6,5,1,0,7,6,1,0,5,4,1,0,0,0,0,0,11,9,2,0,1,1,0,0
2025,2413,Morehead State,fcs,Pioneer,,5.152656640857458,12,6,6,0,8,4,4,0,6,5,1,0,6,1,5,0,0,0,0,0,12,6,6,0,0,0,0,0
2025,2287,Illinois State,fcs,MVFC,,10.424413207918406,17,12,5,0,8,5,3,0,6,3,3,0,10,9,1,0,1,0,1,0,15,11,4,0,2,1,1,0
2025,79,Southern Illinois,fcs,MVFC,,7.115967109799385,12,7,5,0,8,4,4,0,5,3,2,0,7,4,3,0,0,0,0,0,12,7,5,0,0,0,0,0
2025,2583,Southern Connecticut State,ii,Northeast 10,,0.12052065134048462,10,4,6,0,8,4,4,0,4,3,1,0,6,1,5,0,0,0,0,0,10,4,6,0,0,0,0,0
2025,2790,Albion,iii,Michigan,,,10,3,7,0,7,1,6,0,5,1,4,0,5,2,3,0,0,0,0,0,10,3,7,0,0,0,0,0
2025,2169,Delaware State,fcs,MEAC,,6.440516568720341,12,8,4,0,5,4,1,0,5,4,1,0,6,3,3,0,1,1,0,0,12,8,4,0,0,0,0,0
2025,2107,Catawba,ii,South Atlantic,,,11,7,4,0,9,5,4,0,6,6,0,0,5,1,4,0,0,0,0,0,11,7,4,0,0,0,0,0
2025,2939,Jamestown College,ii,Northern Sun,,,10,1,9,0,0,0,0,0,0,0,0,0,5,1,4,0,5,0,5,0,10,1,9,0,0,0,0,0
2025,2155,Cornell College (IA),iii,Midwest,,,10,4,6,0,9,4,5,0,5,0,5,0,5,4,1,0,0,0,0,0,10,4,6,0,0,0,0,0
2025,2175,Dickinson (PA),iii,Centennial,,,11,5,6,0,6,3,3,0,5,3,2,0,6,2,4,0,0,0,0,0,11,5,6,0,0,0,0,0
2025,2839,Greeneville,ii,South Atlantic,,,10,1,9,0,9,0,9,0,5,0,5,0,5,1,4,0,0,0,0,0,10,1,9,0,0,0,0,0
2025,2967,Framingham State,iii,MSCAC,,,11,7,4,0,7,5,2,0,6,4,2,0,5,3,2,0,0,0,0,0,10,7,3,0,1,0,1,0
2025,2508,Puget Sound,iii,Northwest,,,10,1,9,0,8,1,7,0,6,1,5,0,4,0,4,0,0,0,0,0,10,1,9,0,0,0,0,0
2025,80,Chicago,iii,Midwest,,,10,7,3,0,9,7,2,0,5,3,2,0,5,4,1,0,0,0,0,0,10,7,3,0,0,0,0,0
2025,171,Columbia,fcs,Ivy,,2.8189133210107684,10,2,8,0,7,1,6,0,5,1,4,0,5,1,4,0,0,0,0,0,10,2,8,0,0,0,0,0
2025,2310,Kentucky State,ii,SIAC,,0.19556528329849243,13,9,3,0,8,7,1,0,5,4,1,0,7,4,2,0,1,1,0,0,12,9,2,0,1,0,1,0
2025,2553,Sewanee,iii,Southern Athletic,,,10,3,7,0,6,1,5,0,5,0,5,0,5,3,2,0,0,0,0,0,10,3,7,0,0,0,0,0
2025,2748,Wooster,iii,North Coast,,,10,5,5,0,7,4,3,0,5,3,2,0,5,2,3,0,0,0,0,0,10,5,5,0,0,0,0,0
2025,2964,Central College,iii,American Rivers,,,10,8,2,0,8,6,2,0,5,4,1,0,5,4,1,0,0,0,0,0,10,8,2,0,0,0,0,0
2025,256,James Madison,fbs,Sun Belt,East,10.919439102523029,14,12,2,0,8,8,0,0,7,7,0,0,7,5,2,0,0,0,0,0,13,12,1,0,1,0,1,0
2025,2486,Pacific Lutheran,iii,Northwest,,,10,6,4,0,7,5,2,0,6,4,2,0,4,2,2,0,0,0,0,0,10,6,4,0,0,0,0,0
2025,2320,Lamar,fcs,Southland,,6.193431366235018,13,8,5,0,7,4,3,0,6,5,1,0,7,3,4,0,0,0,0,0,13,8,5,0,0,0,0,0
2025,2707,West Virginia State,ii,Mountain East,,,11,5,6,0,8,4,4,0,5,3,2,0,6,2,4,0,0,0,0,0,11,5,6,0,0,0,0,0
2025,359,Otterbein,iii,Ohio,,,10,1,9,0,8,1,7,0,5,0,5,0,5,1,4,0,0,0,0,0,10,1,9,0,0,0,0,0
2025,24,Stanford,fbs,ACC,,4.465144503861666,12,4,8,0,8,3,5,0,6,4,2,0,6,0,6,0,0,0,0,0,12,4,8,0,0,0,0,0
2025,2422,Muhlenberg,iii,Centennial,,,12,9,3,0,6,4,2,0,6,5,1,0,6,4,2,0,0,0,0,0,11,8,3,0,1,1,0,0
2025,2050,Ball State,fbs,Mid-American,,2.899703696370125,12,4,8,0,8,3,5,0,5,4,1,0,7,0,7,0,0,0,0,0,12,4,8,0,0,0,0,0
2025,125974,Hilbert College,iii,Empire 8,,,10,0,10,0,1,0,1,0,5,0,5,0,5,0,5,0,0,0,0,0,10,0,10,0,0,0,0,0
2025,399,UAlbany,fcs,CAA,,2.4458198230713606,12,2,10,0,8,1,7,0,6,1,5,0,6,1,5,0,0,0,0,0,12,2,10,0,0,0,0,0
2025,2803,Bryant,fcs,CAA,,4.123854568228126,12,3,9,0,8,1,7,0,6,1,5,0,6,2,4,0,0,0,0,0,12,3,9,0,0,0,0,0
2025,2524,Rockford,iii,NACC,,,10,1,9,0,8,0,8,0,5,1,4,0,5,0,5,0,0,0,0,0,10,1,9,0,0,0,0,0
2025,2682,Walsh,ii,Great Midwest Athletic,,,11,6,5,0,9,4,5,0,6,3,3,0,5,3,2,0,0,0,0,0,11,6,5,0,0,0,0,0
2025,2232,Fort Valley State,ii,SIAC,,,10,4,6,0,8,4,4,0,3,1,2,0,4,2,2,0,3,1,2,0,10,4,6,0,0,0,0,0
2025,2247,Georgia State,fbs,Sun Belt,East,1.9625463029369712,12,1,11,0,8,0,8,0,6,1,5,0,6,0,6,0,0,0,0,0,12,1,11,0,0,0,0,0
2025,2977,Trinity (CT),iii,NESCAC,,,9,7,2,0,9,7,2,0,5,4,1,0,4,3,1,0,0,0,0,0,9,7,2,0,0,0,0,0
2025,13,Cal Poly,fcs,Big Sky,,4.512945827096701,12,4,8,0,8,2,6,0,5,2,3,0,7,2,5,0,0,0,0,0,12,4,8,0,0,0,0,0
2025,2115,Central Connecticut,fcs,NEC,,5.848494723439217,13,8,5,0,7,6,1,0,7,6,1,0,6,2,4,0,0,0,0,0,13,8,5,0,0,0,0,0
2025,2170,Delta State,ii,Gulf South,,,11,7,3,0,5,3,2,0,6,4,1,0,5,3,2,0,0,0,0,0,11,7,3,0,0,0,0,0
2025,2695,West Alabama,ii,Gulf South,,,11,5,4,2,5,2,3,0,7,2,3,2,3,2,1,0,1,1,0,0,11,5,4,2,0,0,0,0
2025,47,Howard,fcs,MEAC,,5.161801651120186,12,5,7,0,5,2,3,0,2,1,1,0,6,0,6,0,4,4,0,0,12,5,7,0,0,0,0,0
2025,415,NEWBERG,iii,Northwest,,,10,4,6,0,8,4,4,0,5,3,2,0,5,1,4,0,0,0,0,0,10,4,6,0,0,0,0,0
2025,5,UAB,fbs,American Athletic,,2.9433999701868743,12,4,8,0,8,2,6,0,6,3,3,0,6,1,5,0,0,0,0,0,12,4,8,0,0,0,0,0
2025,151,East Carolina,fbs,American Athletic,,8.686512738582678,13,9,4,0,8,6,2,0,6,5,1,0,6,3,3,0,1,1,0,0,12,8,4,0,1,1,0,0
2025,2641,Texas Tech,fbs,Big 12,,11.977660877630115,14,12,2,0,9,8,1,0,7,7,0,0,5,4,1,0,2,1,1,0,13,12,1,0,1,0,1,0
2025,201,Oklahoma,fbs,SEC,,8.677019150927663,13,10,3,0,8,6,2,0,8,6,2,0,4,4,0,0,1,0,1,0,12,10,2,0,1,0,1,0
